feature_id	msms_score	matched_peaks	reference_id	adduct	charge	ionmode	instrument	instrument_type	comment	inchikey	inchi	smiles	compound_name	Spectral_library_ID	Spectral_library	libname	component_id	mz
85	0.9211945803650732	8	27756		-1	negative	Orbitrap	LC-ESI-Orbitrap	DB#=CCMSLIB00010108680; origin=GNPS	OIAVTFGRDNUKCM-UHFFFAOYSA-N	InChI=1S/C12H20O4/c1-10(13)6-2-3-7-11(14)8-4-5-9-12(15)16/h2-9H2,1H3,(H,15,16)	CC(=O)CCCCC(=O)CCCCC(=O)O	"""6,11-dioxododecanoic acid CollisionEnergy:102040"""	CCMSLIB00010108680	GNPS	/Users/nothiasl/git/enpkg_mn/db_spectra/ALL_GNPS.msp	1	227.12841796875
85	0.7930614058063694	8	32104		-1	negative	Orbitrap	LC-ESI-Orbitrap	DB#=CCMSLIB00010120018; origin=GNPS	OIAVTFGRDNUKCM-UHFFFAOYSA-N	InChI=1S/C12H20O4/c1-10(13)6-2-3-7-11(14)8-4-5-9-12(15)16/h2-9H2,1H3,(H,15,16)	CC(=O)CCCCC(=O)CCCCC(=O)O	"""6,11-dioxododecanoic acid CollisionEnergy:205060"""	CCMSLIB00010120018	GNPS	/Users/nothiasl/git/enpkg_mn/db_spectra/ALL_GNPS.msp	1	227.12841796875
113	0.969299574151708	5	43373		-1	negative	qTof	ESI-qTof	DB#=CCMSLIB00005739756; origin=GNPS	MDIUMSLCYIJBQC-UHFFFAOYSA-N	1S/C18H34O5/c1-2-3-7-11-16(20)17(21)14-13-15(19)10-8-5-4-6-9-12-18(22)23/h13-17,19-21H,2-12H2,1H3,(H,22,23)	O=C(O)CCCCCCCC(O)C=CC(O)C(O)CCCCC	FA 18:1+3O	CCMSLIB00005739756	GNPS	/Users/nothiasl/git/enpkg_mn/db_spectra/ALL_GNPS.msp	5	329.2331848144531
113	0.9196576735251388	6	45040		-1	negative	qTof	ESI-qTof	DB#=CCMSLIB00005742926; origin=GNPS	MDIUMSLCYIJBQC-UHFFFAOYSA-N	1S/C18H34O5/c1-2-3-7-11-16(20)17(21)14-13-15(19)10-8-5-4-6-9-12-18(22)23/h13-17,19-21H,2-12H2,1H3,(H,22,23)	O=C(O)CCCCCCCC(O)C=CC(O)C(O)CCCCC	FA 18:1+3O	CCMSLIB00005742926	GNPS	/Users/nothiasl/git/enpkg_mn/db_spectra/ALL_GNPS.msp	5	329.2331848144531
113	0.9375601860695848	11	47162		-1	negative	qTof	ESI-qTof	DB#=CCMSLIB00005746967; origin=GNPS	MDIUMSLCYIJBQC-UHFFFAOYSA-N	1S/C18H34O5/c1-2-3-7-11-16(20)17(21)14-13-15(19)10-8-5-4-6-9-12-18(22)23/h13-17,19-21H,2-12H2,1H3,(H,22,23)	O=C(O)CCCCCCCC(O)C=CC(O)C(O)CCCCC	FA 18:1+3O	CCMSLIB00005746967	GNPS	/Users/nothiasl/git/enpkg_mn/db_spectra/ALL_GNPS.msp	5	329.2331848144531
157	0.8857390585046764	6	45915		-1	negative	qTof	ESI-qTof	DB#=CCMSLIB00005744582; origin=GNPS	PQPRTPXWQQQKJC-UHFFFAOYSA-N	1S/C18H26O4/c1-2-16(19)12-8-6-7-10-14-17(20)13-9-4-3-5-11-15-18(21)22/h6-8,10,12,14H,2-5,9,11,13,15H2,1H3,(H,21,22)	O=C(O)CCCCCCCC(=O)C=CC=CC=CC(=O)CC	FA 18:5+2O	CCMSLIB00005744582	GNPS	/Users/nothiasl/git/enpkg_mn/db_spectra/ALL_GNPS.msp	-1	305.175537109375
141	0.8463557157246816	5	27039		-1	negative	Orbitrap	LC-ESI-Orbitrap	DB#=CCMSLIB00010106859; origin=GNPS	BXXCVHNCCFZMSE-UHFFFAOYSA-N	InChI=1S/C13H24O4/c1-2-3-4-5-6-8-11(13(16)17)9-7-10-12(14)15/h11H,2-10H2,1H3,(H,14,15)(H,16,17)	CCCCCCCC(CCCC(=O)O)C(=O)O	2-heptylhexanedioic acid CollisionEnergy:102040	CCMSLIB00010106859	GNPS	/Users/nothiasl/git/enpkg_mn/db_spectra/ALL_GNPS.msp	1	243.1597137451172
141	0.7818212013602394	5	31395		-1	negative	Orbitrap	LC-ESI-Orbitrap	DB#=CCMSLIB00010118198; origin=GNPS	BXXCVHNCCFZMSE-UHFFFAOYSA-N	InChI=1S/C13H24O4/c1-2-3-4-5-6-8-11(13(16)17)9-7-10-12(14)15/h11H,2-10H2,1H3,(H,14,15)(H,16,17)	CCCCCCCC(CCCC(=O)O)C(=O)O	2-heptylhexanedioic acid CollisionEnergy:205060	CCMSLIB00010118198	GNPS	/Users/nothiasl/git/enpkg_mn/db_spectra/ALL_GNPS.msp	1	243.1597137451172
161	0.9581286673938002	7	28543		-1	negative	Orbitrap	LC-ESI-Orbitrap	DB#=CCMSLIB00010110571; origin=GNPS	NLDDIKRKFXEWBK-UHFFFAOYSA-N	InChI=1S/C17H26O4/c1-3-4-5-6-14(18)12-15(19)9-7-13-8-10-16(20)17(11-13)21-2/h8,10-11,14,18,20H,3-7,9,12H2,1-2H3/t14-/m0/s1	CCCCCC(O)CC(=O)CCc1ccc(O)c(OC)c1	6-Gingerol CollisionEnergy:102040	CCMSLIB00010110571	GNPS	/Users/nothiasl/git/enpkg_mn/db_spectra/ALL_GNPS.msp	30	293.17608642578125
161	0.963803244987983	6	32890		-1	negative	Orbitrap	LC-ESI-Orbitrap	DB#=CCMSLIB00010121910; origin=GNPS	NLDDIKRKFXEWBK-UHFFFAOYSA-N	InChI=1S/C17H26O4/c1-3-4-5-6-14(18)12-15(19)9-7-13-8-10-16(20)17(11-13)21-2/h8,10-11,14,18,20H,3-7,9,12H2,1-2H3/t14-/m0/s1	CCCCCC(O)CC(=O)CCc1ccc(O)c(OC)c1	6-Gingerol CollisionEnergy:205060	CCMSLIB00010121910	GNPS	/Users/nothiasl/git/enpkg_mn/db_spectra/ALL_GNPS.msp	30	293.17608642578125
138	0.9838947081115766	7	43373		-1	negative	qTof	ESI-qTof	DB#=CCMSLIB00005739756; origin=GNPS	MDIUMSLCYIJBQC-UHFFFAOYSA-N	1S/C18H34O5/c1-2-3-7-11-16(20)17(21)14-13-15(19)10-8-5-4-6-9-12-18(22)23/h13-17,19-21H,2-12H2,1H3,(H,22,23)	O=C(O)CCCCCCCC(O)C=CC(O)C(O)CCCCC	FA 18:1+3O	CCMSLIB00005739756	GNPS	/Users/nothiasl/git/enpkg_mn/db_spectra/ALL_GNPS.msp	5	329.23321533203125
138	0.962978673869974	7	44413		-1	negative	qTof	ESI-qTof	DB#=CCMSLIB00005741690; origin=GNPS	MDIUMSLCYIJBQC-UHFFFAOYSA-N	1S/C18H34O5/c1-2-3-7-11-16(20)17(21)14-13-15(19)10-8-5-4-6-9-12-18(22)23/h13-17,19-21H,2-12H2,1H3,(H,22,23)	O=C(O)CCCCCCCC(O)C=CC(O)C(O)CCCCC	FA 18:1+3O	CCMSLIB00005741690	GNPS	/Users/nothiasl/git/enpkg_mn/db_spectra/ALL_GNPS.msp	5	329.23321533203125
138	0.9630378154250108	9	45040		-1	negative	qTof	ESI-qTof	DB#=CCMSLIB00005742926; origin=GNPS	MDIUMSLCYIJBQC-UHFFFAOYSA-N	1S/C18H34O5/c1-2-3-7-11-16(20)17(21)14-13-15(19)10-8-5-4-6-9-12-18(22)23/h13-17,19-21H,2-12H2,1H3,(H,22,23)	O=C(O)CCCCCCCC(O)C=CC(O)C(O)CCCCC	FA 18:1+3O	CCMSLIB00005742926	GNPS	/Users/nothiasl/git/enpkg_mn/db_spectra/ALL_GNPS.msp	5	329.23321533203125
138	0.958996940328768	10	47162		-1	negative	qTof	ESI-qTof	DB#=CCMSLIB00005746967; origin=GNPS	MDIUMSLCYIJBQC-UHFFFAOYSA-N	1S/C18H34O5/c1-2-3-7-11-16(20)17(21)14-13-15(19)10-8-5-4-6-9-12-18(22)23/h13-17,19-21H,2-12H2,1H3,(H,22,23)	O=C(O)CCCCCCCC(O)C=CC(O)C(O)CCCCC	FA 18:1+3O	CCMSLIB00005746967	GNPS	/Users/nothiasl/git/enpkg_mn/db_spectra/ALL_GNPS.msp	5	329.23321533203125
160	0.9415981461404828	6	28543		-1	negative	Orbitrap	LC-ESI-Orbitrap	DB#=CCMSLIB00010110571; origin=GNPS	NLDDIKRKFXEWBK-UHFFFAOYSA-N	InChI=1S/C17H26O4/c1-3-4-5-6-14(18)12-15(19)9-7-13-8-10-16(20)17(11-13)21-2/h8,10-11,14,18,20H,3-7,9,12H2,1-2H3/t14-/m0/s1	CCCCCC(O)CC(=O)CCc1ccc(O)c(OC)c1	6-Gingerol CollisionEnergy:102040	CCMSLIB00010110571	GNPS	/Users/nothiasl/git/enpkg_mn/db_spectra/ALL_GNPS.msp	30	293.1757507324219
160	0.973144279993343	6	32890		-1	negative	Orbitrap	LC-ESI-Orbitrap	DB#=CCMSLIB00010121910; origin=GNPS	NLDDIKRKFXEWBK-UHFFFAOYSA-N	InChI=1S/C17H26O4/c1-3-4-5-6-14(18)12-15(19)9-7-13-8-10-16(20)17(11-13)21-2/h8,10-11,14,18,20H,3-7,9,12H2,1-2H3/t14-/m0/s1	CCCCCC(O)CC(=O)CCc1ccc(O)c(OC)c1	6-Gingerol CollisionEnergy:205060	CCMSLIB00010121910	GNPS	/Users/nothiasl/git/enpkg_mn/db_spectra/ALL_GNPS.msp	30	293.1757507324219
31	0.9944751918086566	5	27624		-1	negative	Orbitrap	LC-ESI-Orbitrap	DB#=CCMSLIB00010108347; origin=GNPS	NGSWKAQJJWESNS-UHFFFAOYSA-N	InChI=1S/C9H8O3/c10-8-4-1-7(2-5-8)3-6-9(11)12/h1-6,10H,(H,11,12)/b6-3+	O=C(O)C=Cc1ccc(O)cc1	p-coumaric acid CollisionEnergy:102040	CCMSLIB00010108347	GNPS	/Users/nothiasl/git/enpkg_mn/db_spectra/ALL_GNPS.msp	1	163.03887939453125
89	0.8880327651265388	10	4154		-1	negative	qTof	LC-ESI-qTof	DB#=CCMSLIB00005719010; origin=GNPS	SXFKFRRXJUJGSS-UHFFFAOYSA-N	InChI=1S/C12H16O4/c1-2-3-4-5-8-6-9(13)7-10(14)11(8)12(15)16/h6-7,13-14H,2-5H2,1H3,(H,15,16)	CCCCCc1cc(cc(c1C(=O)O)O)O	Olivetolcarboxylic acid	CCMSLIB00005719010	GNPS	/Users/nothiasl/git/enpkg_mn/db_spectra/ALL_GNPS.msp	1	223.09698486328125
32	0.99292233166152	7	627		-1	negative	Orbitrap	ESI-Orbitrap	DB#=CCMSLIB00005436136; origin=GNPS	TYFQFVWCELRYAO-UHFFFAOYSA-N	InChI=1S/C8H14O4/c9-7(10)5-3-1-2-4-6-8(11)12/h1-6H2,(H,9,10)(H,11,12)	OC(=O)CCCCCCC(O)=O	SUBERATE	CCMSLIB00005436136	GNPS	/Users/nothiasl/git/enpkg_mn/db_spectra/ALL_GNPS.msp	1	173.0808868408203
32	0.99292233166152	7	5349		-1	negative	Orbitrap	ESI-Orbitrap	DB#=CCMSLIB00005463554; origin=GNPS	TYFQFVWCELRYAO-UHFFFAOYSA-N	InChI=1S/C8H14O4/c9-7(10)5-3-1-2-4-6-8(11)12/h1-6H2,(H,9,10)(H,11,12)	OC(=O)CCCCCCC(O)=O	SUBERATE	CCMSLIB00005463554	GNPS	/Users/nothiasl/git/enpkg_mn/db_spectra/ALL_GNPS.msp	1	173.0808868408203
32	0.9368215893907124	7	5889		-1	negative	qTof	ESI-qTof	DB#=CCMSLIB00005720842; origin=GNPS	TYFQFVWCELRYAO-UHFFFAOYSA-N	InChI=1S/C8H14O4/c9-7(10)5-3-1-2-4-6-8(11)12/h1-6H2,(H,9,10)(H,11,12)	C(CCCC(=O)O)CCC(=O)O	SUBERIC ACID	CCMSLIB00005720842	GNPS	/Users/nothiasl/git/enpkg_mn/db_spectra/ALL_GNPS.msp	1	173.0808868408203
32	0.9973667848557226	7	25632		-1	negative	Orbitrap	LC-ESI-Orbitrap	DB#=CCMSLIB00010102576; origin=GNPS	TYFQFVWCELRYAO-UHFFFAOYSA-N	InChI=1S/C8H14O4/c9-7(10)5-3-1-2-4-6-8(11)12/h1-6H2,(H,9,10)(H,11,12)	O=C(O)CCCCCCC(=O)O	Octanedioic acid CollisionEnergy:102040	CCMSLIB00010102576	GNPS	/Users/nothiasl/git/enpkg_mn/db_spectra/ALL_GNPS.msp	1	173.0808868408203
32	0.9935276940775332	7	28055		-1	negative	Orbitrap	LC-ESI-Orbitrap	DB#=CCMSLIB00010109429; origin=GNPS	TYFQFVWCELRYAO-UHFFFAOYSA-N	InChI=1S/C8H14O4/c9-7(10)5-3-1-2-4-6-8(11)12/h1-6H2,(H,9,10)(H,11,12)	O=C(O)CCCCCCC(=O)O	Octanedioic acid CollisionEnergy:102040	CCMSLIB00010109429	GNPS	/Users/nothiasl/git/enpkg_mn/db_spectra/ALL_GNPS.msp	1	173.0808868408203
32	0.9928374296160362	6	32403		-1	negative	Orbitrap	LC-ESI-Orbitrap	DB#=CCMSLIB00010120771; origin=GNPS	TYFQFVWCELRYAO-UHFFFAOYSA-N	InChI=1S/C8H14O4/c9-7(10)5-3-1-2-4-6-8(11)12/h1-6H2,(H,9,10)(H,11,12)	O=C(O)CCCCCCC(=O)O	Octanedioic acid CollisionEnergy:205060	CCMSLIB00010120771	GNPS	/Users/nothiasl/git/enpkg_mn/db_spectra/ALL_GNPS.msp	1	173.0808868408203
32	0.9973667848557226	7	34779		-1	negative	Orbitrap	LC-ESI-Orbitrap	DB#=CCMSLIB00010126191; origin=GNPS	TYFQFVWCELRYAO-UHFFFAOYSA-N	InChI=1S/C8H14O4/c9-7(10)5-3-1-2-4-6-8(11)12/h1-6H2,(H,9,10)(H,11,12)	O=C(O)CCCCCCC(=O)O	Octanedioic acid CollisionEnergy:102040	CCMSLIB00010126191	GNPS	/Users/nothiasl/git/enpkg_mn/db_spectra/ALL_GNPS.msp	1	173.0808868408203
32	0.7769922239084958	5	42848		-1	negative	qTof	ESI-qTof	DB#=CCMSLIB00005738596; origin=GNPS	TYFQFVWCELRYAO-UHFFFAOYSA-N	1S/C8H14O4/c9-7(10)5-3-1-2-4-6-8(11)12/h1-6H2,(H,9,10)(H,11,12)	OC(=O)CCCCCCC(O)=O	Octanedioic acid	CCMSLIB00005738596	GNPS	/Users/nothiasl/git/enpkg_mn/db_spectra/ALL_GNPS.msp	1	173.0808868408203
32	0.8187905938031056	6	76609		-1	negative	Orbitrap	ESI-Orbitrap	DB#=CCMSLIB00006678875; origin=GNPS	TYFQFVWCELRYAO-UHFFFAOYSA-N	InChI=1S/C8H14O4/c9-7(10)5-3-1-2-4-6-8(11)12/h1-6H2,(H,9,10)(H,11,12)	C(CCCC(=O)O)CCC(=O)O	SUBERIC ACID	CCMSLIB00006678875	GNPS	/Users/nothiasl/git/enpkg_mn/db_spectra/ALL_GNPS.msp	1	173.0808868408203
32	0.9973343784129546	6	76732		-1	negative	Orbitrap	ESI-Orbitrap	DB#=CCMSLIB00006679202; origin=GNPS	TYFQFVWCELRYAO-UHFFFAOYSA-N	InChI=1S/C8H14O4/c9-7(10)5-3-1-2-4-6-8(11)12/h1-6H2,(H,9,10)(H,11,12)	C(CCCC(=O)O)CCC(=O)O	SUBERIC ACID	CCMSLIB00006679202	GNPS	/Users/nothiasl/git/enpkg_mn/db_spectra/ALL_GNPS.msp	1	173.0808868408203
32	0.997521101585395	6	76918		-1	negative	Orbitrap	ESI-Orbitrap	DB#=CCMSLIB00006679718; origin=GNPS	TYFQFVWCELRYAO-UHFFFAOYSA-N	InChI=1S/C8H14O4/c9-7(10)5-3-1-2-4-6-8(11)12/h1-6H2,(H,9,10)(H,11,12)	C(CCCC(=O)O)CCC(=O)O	SUBERIC ACID	CCMSLIB00006679718	GNPS	/Users/nothiasl/git/enpkg_mn/db_spectra/ALL_GNPS.msp	1	173.0808868408203
32	0.7619055140168126	6	77416		-1	negative	qTof	ESI-qTof	DB#=CCMSLIB00006680874; origin=GNPS	TYFQFVWCELRYAO-UHFFFAOYSA-N	InChI=1S/C8H14O4/c9-7(10)5-3-1-2-4-6-8(11)12/h1-6H2,(H,9,10)(H,11,12)	C(CCCC(=O)O)CCC(=O)O	SUBERIC ACID	CCMSLIB00006680874	GNPS	/Users/nothiasl/git/enpkg_mn/db_spectra/ALL_GNPS.msp	1	173.0808868408203
32	0.9847171176372131	7	77467		-1	negative	qTof	ESI-qTof	DB#=CCMSLIB00006681012; origin=GNPS	TYFQFVWCELRYAO-UHFFFAOYSA-N	InChI=1S/C8H14O4/c9-7(10)5-3-1-2-4-6-8(11)12/h1-6H2,(H,9,10)(H,11,12)	C(CCCC(=O)O)CCC(=O)O	SUBERIC ACID	CCMSLIB00006681012	GNPS	/Users/nothiasl/git/enpkg_mn/db_spectra/ALL_GNPS.msp	1	173.0808868408203
32	0.9359879644598692	5	77623		-1	negative	qTof	ESI-qTof	DB#=CCMSLIB00006681414; origin=GNPS	TYFQFVWCELRYAO-UHFFFAOYSA-N	InChI=1S/C8H14O4/c9-7(10)5-3-1-2-4-6-8(11)12/h1-6H2,(H,9,10)(H,11,12)	C(CCCC(=O)O)CCC(=O)O	SUBERIC ACID	CCMSLIB00006681414	GNPS	/Users/nothiasl/git/enpkg_mn/db_spectra/ALL_GNPS.msp	1	173.0808868408203
32	0.8621460210372781	7	78673		-1	negative	qTof	ESI-qTof	DB#=CCMSLIB00006683929; origin=GNPS	TYFQFVWCELRYAO-UHFFFAOYSA-N	InChI=1S/C8H14O4/c9-7(10)5-3-1-2-4-6-8(11)12/h1-6H2,(H,9,10)(H,11,12)	C(CCCC(=O)O)CCC(=O)O	SUBERIC ACID	CCMSLIB00006683929	GNPS	/Users/nothiasl/git/enpkg_mn/db_spectra/ALL_GNPS.msp	1	173.0808868408203
32	0.9793022538212208	6	81292		-1	negative	Orbitrap	ESI-Orbitrap	DB#=CCMSLIB00006113986; origin=GNPS	TYFQFVWCELRYAO-UHFFFAOYSA-N		C(CCCC(=O)O)CCC(=O)O	Suberic acid - 40.0 eV	CCMSLIB00006113986	GNPS	/Users/nothiasl/git/enpkg_mn/db_spectra/ALL_GNPS.msp	1	173.0808868408203
32	0.9797439968746042	6	81293		-1	negative	Orbitrap	ESI-Orbitrap	DB#=CCMSLIB00006113989; origin=GNPS	TYFQFVWCELRYAO-UHFFFAOYSA-N		C(CCCC(=O)O)CCC(=O)O	Suberic acid - 40.0 eV	CCMSLIB00006113989	GNPS	/Users/nothiasl/git/enpkg_mn/db_spectra/ALL_GNPS.msp	1	173.0808868408203
32	0.975589883739965	6	81294		-1	negative	Orbitrap	ESI-Orbitrap	DB#=CCMSLIB00006113993; origin=GNPS	TYFQFVWCELRYAO-UHFFFAOYSA-N		C(CCCC(=O)O)CCC(=O)O	Suberic acid - 40.0 eV	CCMSLIB00006113993	GNPS	/Users/nothiasl/git/enpkg_mn/db_spectra/ALL_GNPS.msp	1	173.0808868408203
32	0.9786467199487174	6	81295		-1	negative	Orbitrap	ESI-Orbitrap	DB#=CCMSLIB00006113995; origin=GNPS	TYFQFVWCELRYAO-UHFFFAOYSA-N		C(CCCC(=O)O)CCC(=O)O	Suberic acid - 40.0 eV	CCMSLIB00006113995	GNPS	/Users/nothiasl/git/enpkg_mn/db_spectra/ALL_GNPS.msp	1	173.0808868408203
32	0.978471120433181	6	81296		-1	negative	Orbitrap	ESI-Orbitrap	DB#=CCMSLIB00006113998; origin=GNPS	TYFQFVWCELRYAO-UHFFFAOYSA-N		C(CCCC(=O)O)CCC(=O)O	Suberic acid - 40.0 eV	CCMSLIB00006113998	GNPS	/Users/nothiasl/git/enpkg_mn/db_spectra/ALL_GNPS.msp	1	173.0808868408203
32	0.9193367221252544	6	81297		-1	negative	Orbitrap	ESI-Orbitrap	DB#=CCMSLIB00006114001; origin=GNPS	TYFQFVWCELRYAO-UHFFFAOYSA-N		C(CCCC(=O)O)CCC(=O)O	Suberic acid - 30.0 eV	CCMSLIB00006114001	GNPS	/Users/nothiasl/git/enpkg_mn/db_spectra/ALL_GNPS.msp	1	173.0808868408203
32	0.8950200885201681	5	81298		-1	negative	Orbitrap	ESI-Orbitrap	DB#=CCMSLIB00006114004; origin=GNPS	TYFQFVWCELRYAO-UHFFFAOYSA-N		C(CCCC(=O)O)CCC(=O)O	Suberic acid - 30.0 eV	CCMSLIB00006114004	GNPS	/Users/nothiasl/git/enpkg_mn/db_spectra/ALL_GNPS.msp	1	173.0808868408203
32	0.9961947691500544	6	81301		-1	negative	Orbitrap	ESI-Orbitrap	DB#=CCMSLIB00006114012; origin=GNPS	TYFQFVWCELRYAO-UHFFFAOYSA-N		C(CCCC(=O)O)CCC(=O)O	Suberic acid - 40.0 eV	CCMSLIB00006114012	GNPS	/Users/nothiasl/git/enpkg_mn/db_spectra/ALL_GNPS.msp	1	173.0808868408203
32	0.9961796078710708	6	81302		-1	negative	Orbitrap	ESI-Orbitrap	DB#=CCMSLIB00006114015; origin=GNPS	TYFQFVWCELRYAO-UHFFFAOYSA-N		C(CCCC(=O)O)CCC(=O)O	Suberic acid - 40.0 eV	CCMSLIB00006114015	GNPS	/Users/nothiasl/git/enpkg_mn/db_spectra/ALL_GNPS.msp	1	173.0808868408203
32	0.9961306306266736	6	81303		-1	negative	Orbitrap	ESI-Orbitrap	DB#=CCMSLIB00006114018; origin=GNPS	TYFQFVWCELRYAO-UHFFFAOYSA-N		C(CCCC(=O)O)CCC(=O)O	Suberic acid - 40.0 eV	CCMSLIB00006114018	GNPS	/Users/nothiasl/git/enpkg_mn/db_spectra/ALL_GNPS.msp	1	173.0808868408203
32	0.9959083833989196	6	81304		-1	negative	Orbitrap	ESI-Orbitrap	DB#=CCMSLIB00006114020; origin=GNPS	TYFQFVWCELRYAO-UHFFFAOYSA-N		C(CCCC(=O)O)CCC(=O)O	Suberic acid - 40.0 eV	CCMSLIB00006114020	GNPS	/Users/nothiasl/git/enpkg_mn/db_spectra/ALL_GNPS.msp	1	173.0808868408203
32	0.995224455941486	6	81305		-1	negative	Orbitrap	ESI-Orbitrap	DB#=CCMSLIB00006114023; origin=GNPS	TYFQFVWCELRYAO-UHFFFAOYSA-N		C(CCCC(=O)O)CCC(=O)O	Suberic acid - 40.0 eV	CCMSLIB00006114023	GNPS	/Users/nothiasl/git/enpkg_mn/db_spectra/ALL_GNPS.msp	1	173.0808868408203
32	0.8984176617739126	5	81306		-1	negative	Orbitrap	ESI-Orbitrap	DB#=CCMSLIB00006114026; origin=GNPS	TYFQFVWCELRYAO-UHFFFAOYSA-N		C(CCCC(=O)O)CCC(=O)O	Suberic acid - 30.0 eV	CCMSLIB00006114026	GNPS	/Users/nothiasl/git/enpkg_mn/db_spectra/ALL_GNPS.msp	1	173.0808868408203
32	0.8978711326064545	5	81307		-1	negative	Orbitrap	ESI-Orbitrap	DB#=CCMSLIB00006114029; origin=GNPS	TYFQFVWCELRYAO-UHFFFAOYSA-N		C(CCCC(=O)O)CCC(=O)O	Suberic acid - 30.0 eV	CCMSLIB00006114029	GNPS	/Users/nothiasl/git/enpkg_mn/db_spectra/ALL_GNPS.msp	1	173.0808868408203
32	0.981016073697532	5	87128		-1	negative	Orbitrap	ESI-Orbitrap	DB#=CCMSLIB00006126117; origin=GNPS	DKMROQRQHGEIOW-UHFFFAOYSA-N		CCOC(=O)CCC(=O)OCC	2377 - 40.0 eV	CCMSLIB00006126117	GNPS	/Users/nothiasl/git/enpkg_mn/db_spectra/ALL_GNPS.msp	1	173.0808868408203
37	0.7487193516315805	8	3858		-1	negative	Q-Exactive Plus	LC-ESI-Q-Exactive Plus	DB#=CCMSLIB00000578314; origin=GNPS	KSEBMYQBYZTDHS-UHFFFAOYSA-N		COC1=C(C=CC(=C1)C=CC(=O)O)O	FERULATE	CCMSLIB00000578314	GNPS	/Users/nothiasl/git/enpkg_mn/db_spectra/ALL_GNPS.msp	-1	193.0497589111328
37	0.740305728164196	10	5525		-1	negative	Orbitrap	ESI-Orbitrap	DB#=CCMSLIB00005464302; origin=GNPS	KSEBMYQBYZTDHS-HWKANZROSA-N	InChI=1S/C10H10O4/c1-14-9-6-7(2-4-8(9)11)3-5-10(12)13/h2-6,11H,1H3,(H,12,13)/b5-3+	COC1=C(O)C=CC(\C=C\C(O)=O)=C1	FERULATE	CCMSLIB00005464302	GNPS	/Users/nothiasl/git/enpkg_mn/db_spectra/ALL_GNPS.msp	-1	193.0497589111328
37	0.7426149484561054	7	28836		-1	negative	Orbitrap	LC-ESI-Orbitrap	DB#=CCMSLIB00010111252; origin=GNPS	QURCVMIEKCOAJU-UHFFFAOYSA-N	InChI=1S/C10H10O4/c1-14-9-4-2-7(6-8(9)11)3-5-10(12)13/h2-6,11H,1H3,(H,12,13)/b5-3+	COc1ccc(C=CC(=O)O)cc1O	Isoferulic acid CollisionEnergy:102040	CCMSLIB00010111252	GNPS	/Users/nothiasl/git/enpkg_mn/db_spectra/ALL_GNPS.msp	-1	193.0497589111328
37	0.7543353889613973	6	28982		-1	negative	Orbitrap	LC-ESI-Orbitrap	DB#=CCMSLIB00010111581; origin=GNPS	KSEBMYQBYZTDHS-UHFFFAOYSA-N	InChI=1S/C10H10O4/c1-14-9-6-7(2-4-8(9)11)3-5-10(12)13/h2-6,11H,1H3,(H,12,13)/b5-3+	COc1cc(C=CC(=O)O)ccc1O	ferulic acid CollisionEnergy:102040	CCMSLIB00010111581	GNPS	/Users/nothiasl/git/enpkg_mn/db_spectra/ALL_GNPS.msp	-1	193.0497589111328
37	0.7675355587027299	7	28983		-1	negative	Orbitrap	LC-ESI-Orbitrap	DB#=CCMSLIB00010111585; origin=GNPS	KSEBMYQBYZTDHS-UHFFFAOYSA-N	InChI=1S/C10H10O4/c1-14-9-6-7(2-4-8(9)11)3-5-10(12)13/h2-6,11H,1H3,(H,12,13)/b5-3+	COc1cc(C=CC(=O)O)ccc1O	ferulic acid CollisionEnergy:102040	CCMSLIB00010111585	GNPS	/Users/nothiasl/git/enpkg_mn/db_spectra/ALL_GNPS.msp	-1	193.0497589111328
37	0.7650767681081513	7	28984		-1	negative	Orbitrap	LC-ESI-Orbitrap	DB#=CCMSLIB00010111586; origin=GNPS	KSEBMYQBYZTDHS-UHFFFAOYSA-N	InChI=1S/C10H10O4/c1-14-9-6-7(2-4-8(9)11)3-5-10(12)13/h2-6,11H,1H3,(H,12,13)/b5-3+	COc1cc(C=CC(=O)O)ccc1O	ferulic acid CollisionEnergy:102040	CCMSLIB00010111586	GNPS	/Users/nothiasl/git/enpkg_mn/db_spectra/ALL_GNPS.msp	-1	193.0497589111328
37	0.7764200147377821	7	28985		-1	negative	Orbitrap	LC-ESI-Orbitrap	DB#=CCMSLIB00010111587; origin=GNPS	KSEBMYQBYZTDHS-UHFFFAOYSA-N	InChI=1S/C10H10O4/c1-14-9-6-7(2-4-8(9)11)3-5-10(12)13/h2-6,11H,1H3,(H,12,13)/b5-3+	COc1cc(C=CC(=O)O)ccc1O	ferulic acid CollisionEnergy:102040	CCMSLIB00010111587	GNPS	/Users/nothiasl/git/enpkg_mn/db_spectra/ALL_GNPS.msp	-1	193.0497589111328
37	0.7551884155685364	7	28986		-1	negative	Orbitrap	LC-ESI-Orbitrap	DB#=CCMSLIB00010111589; origin=GNPS	KSEBMYQBYZTDHS-UHFFFAOYSA-N	InChI=1S/C10H10O4/c1-14-9-6-7(2-4-8(9)11)3-5-10(12)13/h2-6,11H,1H3,(H,12,13)/b5-3+	COc1cc(C=CC(=O)O)ccc1O	ferulic acid CollisionEnergy:102040	CCMSLIB00010111589	GNPS	/Users/nothiasl/git/enpkg_mn/db_spectra/ALL_GNPS.msp	-1	193.0497589111328
37	0.666356127414158	8	33182		-1	negative	Orbitrap	LC-ESI-Orbitrap	DB#=CCMSLIB00010122587; origin=GNPS	QURCVMIEKCOAJU-UHFFFAOYSA-N	InChI=1S/C10H10O4/c1-14-9-4-2-7(6-8(9)11)3-5-10(12)13/h2-6,11H,1H3,(H,12,13)/b5-3+	COc1ccc(C=CC(=O)O)cc1O	Isoferulic acid CollisionEnergy:205060	CCMSLIB00010122587	GNPS	/Users/nothiasl/git/enpkg_mn/db_spectra/ALL_GNPS.msp	-1	193.0497589111328
37	0.7348479414086276	6	33327		-1	negative	Orbitrap	LC-ESI-Orbitrap	DB#=CCMSLIB00010122916; origin=GNPS	KSEBMYQBYZTDHS-UHFFFAOYSA-N	InChI=1S/C10H10O4/c1-14-9-6-7(2-4-8(9)11)3-5-10(12)13/h2-6,11H,1H3,(H,12,13)/b5-3+	COc1cc(C=CC(=O)O)ccc1O	ferulic acid CollisionEnergy:205060	CCMSLIB00010122916	GNPS	/Users/nothiasl/git/enpkg_mn/db_spectra/ALL_GNPS.msp	-1	193.0497589111328
37	0.726043756903372	7	33328		-1	negative	Orbitrap	LC-ESI-Orbitrap	DB#=CCMSLIB00010122920; origin=GNPS	KSEBMYQBYZTDHS-UHFFFAOYSA-N	InChI=1S/C10H10O4/c1-14-9-6-7(2-4-8(9)11)3-5-10(12)13/h2-6,11H,1H3,(H,12,13)/b5-3+	COc1cc(C=CC(=O)O)ccc1O	ferulic acid CollisionEnergy:205060	CCMSLIB00010122920	GNPS	/Users/nothiasl/git/enpkg_mn/db_spectra/ALL_GNPS.msp	-1	193.0497589111328
37	0.7265121379698287	7	33329		-1	negative	Orbitrap	LC-ESI-Orbitrap	DB#=CCMSLIB00010122921; origin=GNPS	KSEBMYQBYZTDHS-UHFFFAOYSA-N	InChI=1S/C10H10O4/c1-14-9-6-7(2-4-8(9)11)3-5-10(12)13/h2-6,11H,1H3,(H,12,13)/b5-3+	COc1cc(C=CC(=O)O)ccc1O	ferulic acid CollisionEnergy:205060	CCMSLIB00010122921	GNPS	/Users/nothiasl/git/enpkg_mn/db_spectra/ALL_GNPS.msp	-1	193.0497589111328
37	0.7266316459153731	7	33330		-1	negative	Orbitrap	LC-ESI-Orbitrap	DB#=CCMSLIB00010122922; origin=GNPS	KSEBMYQBYZTDHS-UHFFFAOYSA-N	InChI=1S/C10H10O4/c1-14-9-6-7(2-4-8(9)11)3-5-10(12)13/h2-6,11H,1H3,(H,12,13)/b5-3+	COc1cc(C=CC(=O)O)ccc1O	ferulic acid CollisionEnergy:205060	CCMSLIB00010122922	GNPS	/Users/nothiasl/git/enpkg_mn/db_spectra/ALL_GNPS.msp	-1	193.0497589111328
37	0.739165796354128	7	33331		-1	negative	Orbitrap	LC-ESI-Orbitrap	DB#=CCMSLIB00010122924; origin=GNPS	KSEBMYQBYZTDHS-UHFFFAOYSA-N	InChI=1S/C10H10O4/c1-14-9-6-7(2-4-8(9)11)3-5-10(12)13/h2-6,11H,1H3,(H,12,13)/b5-3+	COc1cc(C=CC(=O)O)ccc1O	ferulic acid CollisionEnergy:205060	CCMSLIB00010122924	GNPS	/Users/nothiasl/git/enpkg_mn/db_spectra/ALL_GNPS.msp	-1	193.0497589111328
37	0.6983453832256287	7	43464		-1	negative	qTof	ESI-qTof	DB#=CCMSLIB00005739928; origin=GNPS	KSEBMYQBYZTDHS-UHFFFAOYSA-N	1S/C10H10O4/c1-14-9-6-7(2-4-8(9)11)3-5-10(12)13/h2-6,11H,1H3,(H,12,13)	COC1=C(O)C=CC(C=CC(O)=O)=C1	trans-Ferulic acid	CCMSLIB00005739928	GNPS	/Users/nothiasl/git/enpkg_mn/db_spectra/ALL_GNPS.msp	-1	193.0497589111328
37	0.7369361118027655	6	44147		-1	negative	qTof	ESI-qTof	DB#=CCMSLIB00005741169; origin=GNPS	KSEBMYQBYZTDHS-UHFFFAOYSA-N	1S/C10H10O4/c1-14-9-6-7(2-4-8(9)11)3-5-10(12)13/h2-6,11H,1H3,(H,12,13)	COC1=C(O)C=CC(C=CC(O)=O)=C1	trans-Ferulic acid	CCMSLIB00005741169	GNPS	/Users/nothiasl/git/enpkg_mn/db_spectra/ALL_GNPS.msp	-1	193.0497589111328
37	0.7262343828920654	6	44803		-1	negative	qTof	ESI-qTof	DB#=CCMSLIB00005742443; origin=GNPS	KSEBMYQBYZTDHS-UHFFFAOYSA-N	1S/C10H10O4/c1-14-9-6-7(2-4-8(9)11)3-5-10(12)13/h2-6,11H,1H3,(H,12,13)	COC1=C(O)C=CC(C=CC(O)=O)=C1	trans-Ferulic acid	CCMSLIB00005742443	GNPS	/Users/nothiasl/git/enpkg_mn/db_spectra/ALL_GNPS.msp	-1	193.0497589111328
37	0.7042854692270927	6	44913		-1	negative	qTof	ESI-qTof	DB#=CCMSLIB00005742668; origin=GNPS	KSEBMYQBYZTDHS-UHFFFAOYSA-N	1S/C10H10O4/c1-14-9-6-7(2-4-8(9)11)3-5-10(12)13/h2-6,11H,1H3,(H,12,13)	COC1=C(O)C=CC(C=CC(O)=O)=C1	trans-Ferulic acid	CCMSLIB00005742668	GNPS	/Users/nothiasl/git/enpkg_mn/db_spectra/ALL_GNPS.msp	-1	193.0497589111328
37	0.697146414509581	6	45725		-1	negative	qTof	ESI-qTof	DB#=CCMSLIB00005744227; origin=GNPS	KSEBMYQBYZTDHS-UHFFFAOYSA-N	1S/C10H10O4/c1-14-9-6-7(2-4-8(9)11)3-5-10(12)13/h2-6,11H,1H3,(H,12,13)	COC1=C(O)C=CC(C=CC(O)=O)=C1	trans-Ferulic acid	CCMSLIB00005744227	GNPS	/Users/nothiasl/git/enpkg_mn/db_spectra/ALL_GNPS.msp	-1	193.0497589111328
37	0.7216854922146663	6	46958		-1	negative	qTof	ESI-qTof	DB#=CCMSLIB00005746567; origin=GNPS	KSEBMYQBYZTDHS-UHFFFAOYSA-N	1S/C10H10O4/c1-14-9-6-7(2-4-8(9)11)3-5-10(12)13/h2-6,11H,1H3,(H,12,13)	COC1=C(O)C=CC(C=CC(O)=O)=C1	trans-Ferulic acid	CCMSLIB00005746567	GNPS	/Users/nothiasl/git/enpkg_mn/db_spectra/ALL_GNPS.msp	-1	193.0497589111328
37	0.6970892482892025	6	47191		-1	negative	qTof	ESI-qTof	DB#=CCMSLIB00005747023; origin=GNPS	KSEBMYQBYZTDHS-UHFFFAOYSA-N	1S/C10H10O4/c1-14-9-6-7(2-4-8(9)11)3-5-10(12)13/h2-6,11H,1H3,(H,12,13)	O=C(O)C=CC=1C=CC(O)=C(OC)C=1	trans-Ferulic acid	CCMSLIB00005747023	GNPS	/Users/nothiasl/git/enpkg_mn/db_spectra/ALL_GNPS.msp	-1	193.0497589111328
37	0.7026222705428562	9	69688		-1	negative	ESI-QFT	N/A-ESI-QFT	DB#=CCMSLIB00004695450; origin=GNPS	QURCVMIEKCOAJU-HWKANZROSA-N	InChI=1S/C10H10O4/c1-14-9-4-2-7(6-8(9)11)3-5-10(12)13/h2-6,11H,1H3,(H,12,13)/b5-3+		isoferulic acid	CCMSLIB00004695450	GNPS	/Users/nothiasl/git/enpkg_mn/db_spectra/ALL_GNPS.msp	-1	193.0497589111328
37	0.7399884745917866	10	71074		-1	negative	ESI-QFT	N/A-ESI-QFT	DB#=CCMSLIB00004702341; origin=GNPS	KSEBMYQBYZTDHS-HWKANZROSA-N	InChI=1S/C10H10O4/c1-14-9-6-7(2-4-8(9)11)3-5-10(12)13/h2-6,11H,1H3,(H,12,13)/b5-3+		Ferulic Acid	CCMSLIB00004702341	GNPS	/Users/nothiasl/git/enpkg_mn/db_spectra/ALL_GNPS.msp	-1	193.0497589111328
37	0.6612540406248921	10	71075		-1	negative	ESI-QFT	N/A-ESI-QFT	DB#=CCMSLIB00004702342; origin=GNPS	KSEBMYQBYZTDHS-HWKANZROSA-N	InChI=1S/C10H10O4/c1-14-9-6-7(2-4-8(9)11)3-5-10(12)13/h2-6,11H,1H3,(H,12,13)/b5-3+		Ferulic Acid	CCMSLIB00004702342	GNPS	/Users/nothiasl/git/enpkg_mn/db_spectra/ALL_GNPS.msp	-1	193.0497589111328
37	0.7092668761183312	6	75735		-1	negative	ESI-QTOF	N/A-ESI-QTOF	DB#=CCMSLIB00004719653; origin=GNPS	ONBYESPXKZNTDN-UIMBXVEGSA-N	InChI=1S/C10H10O4/c1149427(68(9)11)3510(12)13/h26,11H,1H3,(H,12,13)/b53+		isoferulic acid	CCMSLIB00004719653	GNPS	/Users/nothiasl/git/enpkg_mn/db_spectra/ALL_GNPS.msp	-1	193.0497589111328
37	0.6732727579607405	7	80592		-1	negative	impact HD	LC-ESI- impact HD	DB#=CCMSLIB00004684104; origin=GNPS	QURCVMIEKCOAJU-HWKANZROSA-N	InChI=1S/C10H10O4/c1-14-9-4-2-7(6-8(9)11)3-5-10(12)13/h2-6,11H,1H3,(H,12,13)/b5-3+	COc1ccc(cc1O)/C=C/C(=O)O	3-Hydroxy-4-methoxycinnamic acid (isoferulic acid) - 10eV	CCMSLIB00004684104	GNPS	/Users/nothiasl/git/enpkg_mn/db_spectra/ALL_GNPS.msp	-1	193.0497589111328
37	0.7260435242409208	6	83588		-1	negative	Orbitrap	ESI-Orbitrap	DB#=CCMSLIB00006119625; origin=GNPS	KSEBMYQBYZTDHS-HWKANZROSA-N		COc1cc(ccc1O)/C=C/C(=O)O	(E)-Ferulic acid - 40.0 eV	CCMSLIB00006119625	GNPS	/Users/nothiasl/git/enpkg_mn/db_spectra/ALL_GNPS.msp	-1	193.0497589111328
37	0.7264589537352119	5	83589		-1	negative	Orbitrap	ESI-Orbitrap	DB#=CCMSLIB00006119627; origin=GNPS	KSEBMYQBYZTDHS-HWKANZROSA-N		COc1cc(ccc1O)/C=C/C(=O)O	(E)-Ferulic acid - 40.0 eV	CCMSLIB00006119627	GNPS	/Users/nothiasl/git/enpkg_mn/db_spectra/ALL_GNPS.msp	-1	193.0497589111328
37	0.7239817063403323	6	83590		-1	negative	Orbitrap	ESI-Orbitrap	DB#=CCMSLIB00006119629; origin=GNPS	KSEBMYQBYZTDHS-HWKANZROSA-N		COc1cc(ccc1O)/C=C/C(=O)O	(E)-Ferulic acid - 40.0 eV	CCMSLIB00006119629	GNPS	/Users/nothiasl/git/enpkg_mn/db_spectra/ALL_GNPS.msp	-1	193.0497589111328
37	0.7374805719750684	10	83591		-1	negative	Orbitrap	ESI-Orbitrap	DB#=CCMSLIB00006119632; origin=GNPS	KSEBMYQBYZTDHS-HWKANZROSA-N		COc1cc(ccc1O)/C=C/C(=O)O	(E)-Ferulic acid - 40.0 eV	CCMSLIB00006119632	GNPS	/Users/nothiasl/git/enpkg_mn/db_spectra/ALL_GNPS.msp	-1	193.0497589111328
37	0.7305649289584885	7	83592		-1	negative	Orbitrap	ESI-Orbitrap	DB#=CCMSLIB00006119634; origin=GNPS	KSEBMYQBYZTDHS-HWKANZROSA-N		COc1cc(ccc1O)/C=C/C(=O)O	(E)-Ferulic acid - 40.0 eV	CCMSLIB00006119634	GNPS	/Users/nothiasl/git/enpkg_mn/db_spectra/ALL_GNPS.msp	-1	193.0497589111328
70	0.9809270546064104	7	648		-1	negative	Orbitrap	ESI-Orbitrap	DB#=CCMSLIB00005436182; origin=GNPS	CXMXRPHRNRROMY-UHFFFAOYSA-N	InChI=1S/C10H18O4/c11-9(12)7-5-3-1-2-4-6-8-10(13)14/h1-8H2,(H,11,12)(H,13,14)	C(CCCCC(=O)O)CCCC(=O)O	SEBACATE	CCMSLIB00005436182	GNPS	/Users/nothiasl/git/enpkg_mn/db_spectra/ALL_GNPS.msp	1	201.1123962402344
70	0.9809270546064104	7	5378		-1	negative	Orbitrap	ESI-Orbitrap	DB#=CCMSLIB00005463636; origin=GNPS	CXMXRPHRNRROMY-UHFFFAOYSA-N	InChI=1S/C10H18O4/c11-9(12)7-5-3-1-2-4-6-8-10(13)14/h1-8H2,(H,11,12)(H,13,14)	C(CCCCC(=O)O)CCCC(=O)O	SEBACATE	CCMSLIB00005463636	GNPS	/Users/nothiasl/git/enpkg_mn/db_spectra/ALL_GNPS.msp	1	201.1123962402344
70	0.6946774786519059	6	24017		-1	negative	Orbitrap	ESI-Orbitrap	DB#=CCMSLIB00006676854; origin=GNPS	CXMXRPHRNRROMY-UHFFFAOYSA-N	InChI=1S/C10H18O4/c11-9(12)7-5-3-1-2-4-6-8-10(13)14/h1-8H2,(H,11,12)(H,13,14)	C(CCCCC(=O)O)CCCC(=O)O	sebacic_acid	CCMSLIB00006676854	GNPS	/Users/nothiasl/git/enpkg_mn/db_spectra/ALL_GNPS.msp	1	201.1123962402344
70	0.6942318478895109	6	24020		-1	negative	Orbitrap	ESI-Orbitrap	DB#=CCMSLIB00006676857; origin=GNPS	CXMXRPHRNRROMY-UHFFFAOYSA-N	InChI=1S/C10H18O4/c11-9(12)7-5-3-1-2-4-6-8-10(13)14/h1-8H2,(H,11,12)(H,13,14)	C(CCCCC(=O)O)CCCC(=O)O	sebacic_acid	CCMSLIB00006676857	GNPS	/Users/nothiasl/git/enpkg_mn/db_spectra/ALL_GNPS.msp	1	201.1123962402344
70	0.6945417061772504	6	24023		-1	negative	Orbitrap	ESI-Orbitrap	DB#=CCMSLIB00006676860; origin=GNPS	CXMXRPHRNRROMY-UHFFFAOYSA-N	InChI=1S/C10H18O4/c11-9(12)7-5-3-1-2-4-6-8-10(13)14/h1-8H2,(H,11,12)(H,13,14)	C(CCCCC(=O)O)CCCC(=O)O	sebacic_acid	CCMSLIB00006676860	GNPS	/Users/nothiasl/git/enpkg_mn/db_spectra/ALL_GNPS.msp	1	201.1123962402344
70	0.6945465918678881	5	24026		-1	negative	Orbitrap	ESI-Orbitrap	DB#=CCMSLIB00006676863; origin=GNPS	CXMXRPHRNRROMY-UHFFFAOYSA-N	InChI=1S/C10H18O4/c11-9(12)7-5-3-1-2-4-6-8-10(13)14/h1-8H2,(H,11,12)(H,13,14)	C(CCCCC(=O)O)CCCC(=O)O	sebacic_acid	CCMSLIB00006676863	GNPS	/Users/nothiasl/git/enpkg_mn/db_spectra/ALL_GNPS.msp	1	201.1123962402344
70	0.6951614534746683	6	24029		-1	negative	Orbitrap	ESI-Orbitrap	DB#=CCMSLIB00006676866; origin=GNPS	CXMXRPHRNRROMY-UHFFFAOYSA-N	InChI=1S/C10H18O4/c11-9(12)7-5-3-1-2-4-6-8-10(13)14/h1-8H2,(H,11,12)(H,13,14)	C(CCCCC(=O)O)CCCC(=O)O	sebacic_acid	CCMSLIB00006676866	GNPS	/Users/nothiasl/git/enpkg_mn/db_spectra/ALL_GNPS.msp	1	201.1123962402344
70	0.6961579868232574	5	24032		-1	negative	Orbitrap	ESI-Orbitrap	DB#=CCMSLIB00006676869; origin=GNPS	CXMXRPHRNRROMY-UHFFFAOYSA-N	InChI=1S/C10H18O4/c11-9(12)7-5-3-1-2-4-6-8-10(13)14/h1-8H2,(H,11,12)(H,13,14)	C(CCCCC(=O)O)CCCC(=O)O	sebacic_acid	CCMSLIB00006676869	GNPS	/Users/nothiasl/git/enpkg_mn/db_spectra/ALL_GNPS.msp	1	201.1123962402344
70	0.7413804267013825	6	25123		-1	negative	Orbitrap	ESI-Orbitrap	DB#=CCMSLIB00006677960; origin=GNPS	CXMXRPHRNRROMY-UHFFFAOYSA-N	InChI=1S/C10H18O4/c11-9(12)7-5-3-1-2-4-6-8-10(13)14/h1-8H2,(H,11,12)(H,13,14)	C(CCCCC(=O)O)CCCC(=O)O	sebacic_acid	CCMSLIB00006677960	GNPS	/Users/nothiasl/git/enpkg_mn/db_spectra/ALL_GNPS.msp	1	201.1123962402344
70	0.9465360269796697	7	52644		-1	negative	Hybrid FT	ESI-Hybrid FT	DB#=CCMSLIB00005760026; origin=GNPS	CXMXRPHRNRROMY-UHFFFAOYSA-N	1S/C10H18O4/c11-9(12)7-5-3-1-2-4-6-8-10(13)14/h1-8H2,(H,11,12)(H,13,14)	OC(=O)CCCCCCCCC(O)=O	Sebacic acid	CCMSLIB00005760026	GNPS	/Users/nothiasl/git/enpkg_mn/db_spectra/ALL_GNPS.msp	1	201.1123962402344
70	0.6858467112321986	7	54374		-1	negative	Hybrid FT	ESI-Hybrid FT	DB#=CCMSLIB00005763975; origin=GNPS	CXMXRPHRNRROMY-UHFFFAOYSA-N	1S/C10H18O4/c11-9(12)7-5-3-1-2-4-6-8-10(13)14/h1-8H2,(H,11,12)(H,13,14)	OC(=O)CCCCCCCCC(O)=O	Sebacic acid	CCMSLIB00005763975	GNPS	/Users/nothiasl/git/enpkg_mn/db_spectra/ALL_GNPS.msp	1	201.1123962402344
70	0.7662686691874387	7	54761		-1	negative	Hybrid FT	ESI-Hybrid FT	DB#=CCMSLIB00005764867; origin=GNPS	CXMXRPHRNRROMY-UHFFFAOYSA-N	1S/C10H18O4/c11-9(12)7-5-3-1-2-4-6-8-10(13)14/h1-8H2,(H,11,12)(H,13,14)	OC(=O)CCCCCCCCC(O)=O	Sebacic acid	CCMSLIB00005764867	GNPS	/Users/nothiasl/git/enpkg_mn/db_spectra/ALL_GNPS.msp	1	201.1123962402344
70	0.9825989276331224	7	55096		-1	negative	Hybrid FT	ESI-Hybrid FT	DB#=CCMSLIB00005765622; origin=GNPS	CXMXRPHRNRROMY-UHFFFAOYSA-N	1S/C10H18O4/c11-9(12)7-5-3-1-2-4-6-8-10(13)14/h1-8H2,(H,11,12)(H,13,14)	OC(=O)CCCCCCCCC(O)=O	Sebacic acid	CCMSLIB00005765622	GNPS	/Users/nothiasl/git/enpkg_mn/db_spectra/ALL_GNPS.msp	1	201.1123962402344
70	0.9583922730747328	7	76731		-1	negative	Orbitrap	ESI-Orbitrap	DB#=CCMSLIB00006679201; origin=GNPS	CXMXRPHRNRROMY-UHFFFAOYSA-N	InChI=1S/C10H18O4/c11-9(12)7-5-3-1-2-4-6-8-10(13)14/h1-8H2,(H,11,12)(H,13,14)	C(CCCCC(=O)O)CCCC(=O)O	SEBACIC ACID	CCMSLIB00006679201	GNPS	/Users/nothiasl/git/enpkg_mn/db_spectra/ALL_GNPS.msp	1	201.1123962402344
70	0.9634975767474891	7	76764		-1	negative	Orbitrap	ESI-Orbitrap	DB#=CCMSLIB00006679286; origin=GNPS	CXMXRPHRNRROMY-UHFFFAOYSA-N	InChI=1S/C10H18O4/c11-9(12)7-5-3-1-2-4-6-8-10(13)14/h1-8H2,(H,11,12)(H,13,14)	C(CCCCC(=O)O)CCCC(=O)O	SEBACIC ACID	CCMSLIB00006679286	GNPS	/Users/nothiasl/git/enpkg_mn/db_spectra/ALL_GNPS.msp	1	201.1123962402344
70	0.9634975767474891	7	76830		-1	negative	Orbitrap	ESI-Orbitrap	DB#=CCMSLIB00006679449; origin=GNPS	CXMXRPHRNRROMY-UHFFFAOYSA-N	InChI=1S/C10H18O4/c11-9(12)7-5-3-1-2-4-6-8-10(13)14/h1-8H2,(H,11,12)(H,13,14)	C(CCCCC(=O)O)CCCC(=O)O	SEBACIC ACID	CCMSLIB00006679449	GNPS	/Users/nothiasl/git/enpkg_mn/db_spectra/ALL_GNPS.msp	1	201.1123962402344
70	0.9583922730747328	7	76844		-1	negative	Orbitrap	ESI-Orbitrap	DB#=CCMSLIB00006679481; origin=GNPS	CXMXRPHRNRROMY-UHFFFAOYSA-N	InChI=1S/C10H18O4/c11-9(12)7-5-3-1-2-4-6-8-10(13)14/h1-8H2,(H,11,12)(H,13,14)	C(CCCCC(=O)O)CCCC(=O)O	SEBACIC ACID	CCMSLIB00006679481	GNPS	/Users/nothiasl/git/enpkg_mn/db_spectra/ALL_GNPS.msp	1	201.1123962402344
70	0.8913899444913995	5	77526		-1	negative	qTof	ESI-qTof	DB#=CCMSLIB00006681130; origin=GNPS	CXMXRPHRNRROMY-UHFFFAOYSA-N	InChI=1S/C10H18O4/c11-9(12)7-5-3-1-2-4-6-8-10(13)14/h1-8H2,(H,11,12)(H,13,14)	C(CCCCC(=O)O)CCCC(=O)O	SEBACIC ACID	CCMSLIB00006681130	GNPS	/Users/nothiasl/git/enpkg_mn/db_spectra/ALL_GNPS.msp	1	201.1123962402344
70	0.6504838834399935	6	77620		-1	negative	qTof	ESI-qTof	DB#=CCMSLIB00006681411; origin=GNPS	CXMXRPHRNRROMY-UHFFFAOYSA-N	InChI=1S/C10H18O4/c11-9(12)7-5-3-1-2-4-6-8-10(13)14/h1-8H2,(H,11,12)(H,13,14)	C(CCCCC(=O)O)CCCC(=O)O	SEBACIC ACID	CCMSLIB00006681411	GNPS	/Users/nothiasl/git/enpkg_mn/db_spectra/ALL_GNPS.msp	1	201.1123962402344
70	0.7382423675103583	7	77640		-1	negative	qTof	ESI-qTof	DB#=CCMSLIB00006681431; origin=GNPS	CXMXRPHRNRROMY-UHFFFAOYSA-N	InChI=1S/C10H18O4/c11-9(12)7-5-3-1-2-4-6-8-10(13)14/h1-8H2,(H,11,12)(H,13,14)	C(CCCCC(=O)O)CCCC(=O)O	SEBACIC ACID	CCMSLIB00006681431	GNPS	/Users/nothiasl/git/enpkg_mn/db_spectra/ALL_GNPS.msp	1	201.1123962402344
70	0.8913899444913995	5	77684		-1	negative	qTof	ESI-qTof	DB#=CCMSLIB00006681523; origin=GNPS	CXMXRPHRNRROMY-UHFFFAOYSA-N	InChI=1S/C10H18O4/c11-9(12)7-5-3-1-2-4-6-8-10(13)14/h1-8H2,(H,11,12)(H,13,14)	C(CCCCC(=O)O)CCCC(=O)O	SEBACIC ACID	CCMSLIB00006681523	GNPS	/Users/nothiasl/git/enpkg_mn/db_spectra/ALL_GNPS.msp	1	201.1123962402344
70	0.7382423675103583	7	77822		-1	negative	qTof	ESI-qTof	DB#=CCMSLIB00006681876; origin=GNPS	CXMXRPHRNRROMY-UHFFFAOYSA-N	InChI=1S/C10H18O4/c11-9(12)7-5-3-1-2-4-6-8-10(13)14/h1-8H2,(H,11,12)(H,13,14)	C(CCCCC(=O)O)CCCC(=O)O	SEBACIC ACID	CCMSLIB00006681876	GNPS	/Users/nothiasl/git/enpkg_mn/db_spectra/ALL_GNPS.msp	1	201.1123962402344
70	0.6504838834399935	6	77961		-1	negative	qTof	ESI-qTof	DB#=CCMSLIB00006682207; origin=GNPS	CXMXRPHRNRROMY-UHFFFAOYSA-N	InChI=1S/C10H18O4/c11-9(12)7-5-3-1-2-4-6-8-10(13)14/h1-8H2,(H,11,12)(H,13,14)	C(CCCCC(=O)O)CCCC(=O)O	SEBACIC ACID	CCMSLIB00006682207	GNPS	/Users/nothiasl/git/enpkg_mn/db_spectra/ALL_GNPS.msp	1	201.1123962402344
70	0.995678401694854	7	83274		-1	negative	Orbitrap	ESI-Orbitrap	DB#=CCMSLIB00006118882; origin=GNPS	CXMXRPHRNRROMY-UHFFFAOYSA-N		C(CCCCC(=O)O)CCCC(=O)O	Sebacic acid - 40.0 eV	CCMSLIB00006118882	GNPS	/Users/nothiasl/git/enpkg_mn/db_spectra/ALL_GNPS.msp	1	201.1123962402344
70	0.9960681878893036	7	83275		-1	negative	Orbitrap	ESI-Orbitrap	DB#=CCMSLIB00006118884; origin=GNPS	CXMXRPHRNRROMY-UHFFFAOYSA-N		C(CCCCC(=O)O)CCCC(=O)O	Sebacic acid - 40.0 eV	CCMSLIB00006118884	GNPS	/Users/nothiasl/git/enpkg_mn/db_spectra/ALL_GNPS.msp	1	201.1123962402344
70	0.9956882995566396	7	83276		-1	negative	Orbitrap	ESI-Orbitrap	DB#=CCMSLIB00006118886; origin=GNPS	CXMXRPHRNRROMY-UHFFFAOYSA-N		C(CCCCC(=O)O)CCCC(=O)O	Sebacic acid - 40.0 eV	CCMSLIB00006118886	GNPS	/Users/nothiasl/git/enpkg_mn/db_spectra/ALL_GNPS.msp	1	201.1123962402344
70	0.9959134799926692	7	83277		-1	negative	Orbitrap	ESI-Orbitrap	DB#=CCMSLIB00006118888; origin=GNPS	CXMXRPHRNRROMY-UHFFFAOYSA-N		C(CCCCC(=O)O)CCCC(=O)O	Sebacic acid - 40.0 eV	CCMSLIB00006118888	GNPS	/Users/nothiasl/git/enpkg_mn/db_spectra/ALL_GNPS.msp	1	201.1123962402344
70	0.9948966482024654	7	83278		-1	negative	Orbitrap	ESI-Orbitrap	DB#=CCMSLIB00006118891; origin=GNPS	CXMXRPHRNRROMY-UHFFFAOYSA-N		C(CCCCC(=O)O)CCCC(=O)O	Sebacic acid - 40.0 eV	CCMSLIB00006118891	GNPS	/Users/nothiasl/git/enpkg_mn/db_spectra/ALL_GNPS.msp	1	201.1123962402344
70	0.7329312233882109	5	83279		-1	negative	Orbitrap	ESI-Orbitrap	DB#=CCMSLIB00006118894; origin=GNPS	CXMXRPHRNRROMY-UHFFFAOYSA-N		C(CCCCC(=O)O)CCCC(=O)O	Sebacic acid - 30.0 eV	CCMSLIB00006118894	GNPS	/Users/nothiasl/git/enpkg_mn/db_spectra/ALL_GNPS.msp	1	201.1123962402344
70	0.7243365425800211	5	83280		-1	negative	Orbitrap	ESI-Orbitrap	DB#=CCMSLIB00006118896; origin=GNPS	CXMXRPHRNRROMY-UHFFFAOYSA-N		C(CCCCC(=O)O)CCCC(=O)O	Sebacic acid - 30.0 eV	CCMSLIB00006118896	GNPS	/Users/nothiasl/git/enpkg_mn/db_spectra/ALL_GNPS.msp	1	201.1123962402344
70	0.7195099408804517	5	83281		-1	negative	Orbitrap	ESI-Orbitrap	DB#=CCMSLIB00006118898; origin=GNPS	CXMXRPHRNRROMY-UHFFFAOYSA-N		C(CCCCC(=O)O)CCCC(=O)O	Sebacic acid - 30.0 eV	CCMSLIB00006118898	GNPS	/Users/nothiasl/git/enpkg_mn/db_spectra/ALL_GNPS.msp	1	201.1123962402344
70	0.9767956410584596	7	83284		-1	negative	Orbitrap	ESI-Orbitrap	DB#=CCMSLIB00006118930; origin=GNPS	CXMXRPHRNRROMY-UHFFFAOYSA-N		C(CCCCC(=O)O)CCCC(=O)O	Sebacic acid - 40.0 eV	CCMSLIB00006118930	GNPS	/Users/nothiasl/git/enpkg_mn/db_spectra/ALL_GNPS.msp	1	201.1123962402344
70	0.9806820895587776	7	83285		-1	negative	Orbitrap	ESI-Orbitrap	DB#=CCMSLIB00006118932; origin=GNPS	CXMXRPHRNRROMY-UHFFFAOYSA-N		C(CCCCC(=O)O)CCCC(=O)O	Sebacic acid - 40.0 eV	CCMSLIB00006118932	GNPS	/Users/nothiasl/git/enpkg_mn/db_spectra/ALL_GNPS.msp	1	201.1123962402344
70	0.977595924495831	7	83286		-1	negative	Orbitrap	ESI-Orbitrap	DB#=CCMSLIB00006118935; origin=GNPS	CXMXRPHRNRROMY-UHFFFAOYSA-N		C(CCCCC(=O)O)CCCC(=O)O	Sebacic acid - 40.0 eV	CCMSLIB00006118935	GNPS	/Users/nothiasl/git/enpkg_mn/db_spectra/ALL_GNPS.msp	1	201.1123962402344
70	0.9785281428981792	7	83287		-1	negative	Orbitrap	ESI-Orbitrap	DB#=CCMSLIB00006118938; origin=GNPS	CXMXRPHRNRROMY-UHFFFAOYSA-N		C(CCCCC(=O)O)CCCC(=O)O	Sebacic acid - 40.0 eV	CCMSLIB00006118938	GNPS	/Users/nothiasl/git/enpkg_mn/db_spectra/ALL_GNPS.msp	1	201.1123962402344
70	0.9768459052948452	7	83288		-1	negative	Orbitrap	ESI-Orbitrap	DB#=CCMSLIB00006118941; origin=GNPS	CXMXRPHRNRROMY-UHFFFAOYSA-N		C(CCCCC(=O)O)CCCC(=O)O	Sebacic acid - 40.0 eV	CCMSLIB00006118941	GNPS	/Users/nothiasl/git/enpkg_mn/db_spectra/ALL_GNPS.msp	1	201.1123962402344
70	0.7292084177445803	5	83289		-1	negative	Orbitrap	ESI-Orbitrap	DB#=CCMSLIB00006118943; origin=GNPS	CXMXRPHRNRROMY-UHFFFAOYSA-N		C(CCCCC(=O)O)CCCC(=O)O	Sebacic acid - 30.0 eV	CCMSLIB00006118943	GNPS	/Users/nothiasl/git/enpkg_mn/db_spectra/ALL_GNPS.msp	1	201.1123962402344
70	0.7287377847900182	5	83290		-1	negative	Orbitrap	ESI-Orbitrap	DB#=CCMSLIB00006118945; origin=GNPS	CXMXRPHRNRROMY-UHFFFAOYSA-N		C(CCCCC(=O)O)CCCC(=O)O	Sebacic acid - 30.0 eV	CCMSLIB00006118945	GNPS	/Users/nothiasl/git/enpkg_mn/db_spectra/ALL_GNPS.msp	1	201.1123962402344
70	0.7283083299234769	5	83291		-1	negative	Orbitrap	ESI-Orbitrap	DB#=CCMSLIB00006118947; origin=GNPS	CXMXRPHRNRROMY-UHFFFAOYSA-N		C(CCCCC(=O)O)CCCC(=O)O	Sebacic acid - 30.0 eV	CCMSLIB00006118947	GNPS	/Users/nothiasl/git/enpkg_mn/db_spectra/ALL_GNPS.msp	1	201.1123962402344
63	0.944292575814236	5	44531		-1	negative	qTof	ESI-qTof	DB#=CCMSLIB00005741931; origin=GNPS	BHWUKOCNOLCGLB-UHFFFAOYSA-N	1S/C18H32O6/c1-2-14(20)17-12-15(21)16(24-17)11-10-13(19)8-6-4-3-5-7-9-18(22)23/h10-11,13-17,19-21H,2-9,12H2,1H3,(H,22,23)	O=C(O)CCCCCCCC(O)C=CC1OC(CC1(O))C(O)CC	FA 18:2+4O	CCMSLIB00005741931	GNPS	/Users/nothiasl/git/enpkg_mn/db_spectra/ALL_GNPS.msp	5	343.2125549316406
397	0.9949241560445916	5	1074		-1	negative	Orbitrap	ESI-Orbitrap	DB#=CCMSLIB00005724910; origin=GNPS	MNUNUJQYFJZRHQ-UHFFFAOYSA-N	InChI=1S/C39H54O6/c1-23(2)25-14-19-39(34(43)44)21-20-37(6)26(33(25)39)10-12-30-36(5)17-16-31(35(3,4)29(36)15-18-38(30,37)7)45-32(42)13-9-24-8-11-27(40)28(41)22-24/h8-9,11,13,22,25-26,29-31,33,40-41H,1,10,12,14-21H2,2-7H3,(H,43,44)	CC(C)(C(CC1)C(C)(CC2)C(CC3)C1(C)C(C)(CC1)C3C(C(CC3)C(C)=C)C13C(O)=O)C2OC(/C=C/c(cc1)cc(O)c1O)=O	9-{[(2E)-3-(3,4-dihydroxyphenyl)prop-2-enoyl]oxy}-5a,5b,8,8,11a-pentamethyl-1-(prop-1-en-2-yl)-icosahydro-1H-cyclopenta[a]chrysene-3a-carboxylic acid	CCMSLIB00005724910	GNPS	/Users/nothiasl/git/enpkg_mn/db_spectra/ALL_GNPS.msp	1	617.38427734375
26	0.9928582331267296	10	5515		-1	negative	Orbitrap	ESI-Orbitrap	DB#=CCMSLIB00005464283; origin=GNPS	WLJVNTCWHIRURA-UHFFFAOYSA-N	InChI=1S/C7H12O4/c8-6(9)4-2-1-3-5-7(10)11/h1-5H2,(H,8,9)(H,10,11)	C(CCC(=O)O)CCC(=O)O	6-CARBOXYHEXANOATE	CCMSLIB00005464283	GNPS	/Users/nothiasl/git/enpkg_mn/db_spectra/ALL_GNPS.msp	1	159.06520080566406
26	0.8867170868783409	6	5851		-1	negative	qTof	ESI-qTof	DB#=CCMSLIB00005720804; origin=GNPS	WLJVNTCWHIRURA-UHFFFAOYSA-N	InChI=1S/C7H12O4/c8-6(9)4-2-1-3-5-7(10)11/h1-5H2,(H,8,9)(H,10,11)	C(CCC(=O)O)CCC(=O)O	PIMELIC ACID	CCMSLIB00005720804	GNPS	/Users/nothiasl/git/enpkg_mn/db_spectra/ALL_GNPS.msp	1	159.06520080566406
26	0.923831933290268	5	23972		-1	negative	Orbitrap	ESI-Orbitrap	DB#=CCMSLIB00006676809; origin=GNPS	WLJVNTCWHIRURA-UHFFFAOYSA-N	InChI=1S/C7H12O4/c8-6(9)4-2-1-3-5-7(10)11/h1-5H2,(H,8,9)(H,10,11)	C(CCC(=O)O)CCC(=O)O	pimelic_acid	CCMSLIB00006676809	GNPS	/Users/nothiasl/git/enpkg_mn/db_spectra/ALL_GNPS.msp	1	159.06520080566406
26	0.923036000677294	6	23980		-1	negative	Orbitrap	ESI-Orbitrap	DB#=CCMSLIB00006676817; origin=GNPS	WLJVNTCWHIRURA-UHFFFAOYSA-N	InChI=1S/C7H12O4/c8-6(9)4-2-1-3-5-7(10)11/h1-5H2,(H,8,9)(H,10,11)	C(CCC(=O)O)CCC(=O)O	pimelic_acid	CCMSLIB00006676817	GNPS	/Users/nothiasl/git/enpkg_mn/db_spectra/ALL_GNPS.msp	1	159.06520080566406
26	0.9842288764722286	6	23983		-1	negative	Orbitrap	ESI-Orbitrap	DB#=CCMSLIB00006676820; origin=GNPS	WLJVNTCWHIRURA-UHFFFAOYSA-N	InChI=1S/C7H12O4/c8-6(9)4-2-1-3-5-7(10)11/h1-5H2,(H,8,9)(H,10,11)	C(CCC(=O)O)CCC(=O)O	pimelic_acid	CCMSLIB00006676820	GNPS	/Users/nothiasl/git/enpkg_mn/db_spectra/ALL_GNPS.msp	1	159.06520080566406
26	0.9237161590188764	6	23986		-1	negative	Orbitrap	ESI-Orbitrap	DB#=CCMSLIB00006676823; origin=GNPS	WLJVNTCWHIRURA-UHFFFAOYSA-N	InChI=1S/C7H12O4/c8-6(9)4-2-1-3-5-7(10)11/h1-5H2,(H,8,9)(H,10,11)	C(CCC(=O)O)CCC(=O)O	pimelic_acid	CCMSLIB00006676823	GNPS	/Users/nothiasl/git/enpkg_mn/db_spectra/ALL_GNPS.msp	1	159.06520080566406
26	0.9932747887292436	6	27681		-1	negative	Orbitrap	LC-ESI-Orbitrap	DB#=CCMSLIB00010108482; origin=GNPS	WLJVNTCWHIRURA-UHFFFAOYSA-N	InChI=1S/C7H12O4/c8-6(9)4-2-1-3-5-7(10)11/h1-5H2,(H,8,9)(H,10,11)	O=C(O)CCCCCC(=O)O	pimelic acid CollisionEnergy:102040	CCMSLIB00010108482	GNPS	/Users/nothiasl/git/enpkg_mn/db_spectra/ALL_GNPS.msp	1	159.06520080566406
26	0.9827092078945592	6	32031		-1	negative	Orbitrap	LC-ESI-Orbitrap	DB#=CCMSLIB00010119819; origin=GNPS	WLJVNTCWHIRURA-UHFFFAOYSA-N	InChI=1S/C7H12O4/c8-6(9)4-2-1-3-5-7(10)11/h1-5H2,(H,8,9)(H,10,11)	O=C(O)CCCCCC(=O)O	pimelic acid CollisionEnergy:205060	CCMSLIB00010119819	GNPS	/Users/nothiasl/git/enpkg_mn/db_spectra/ALL_GNPS.msp	1	159.06520080566406
26	0.8910745874482106	5	76478		-1	negative	Orbitrap	ESI-Orbitrap	DB#=CCMSLIB00006678567; origin=GNPS	SYEOWUNSTUDKGM-UHFFFAOYSA-N	InChI=1S/C7H12O4/c1-5(4-7(10)11)2-3-6(8)9/h5H,2-4H2,1H3,(H,8,9)(H,10,11)	CC(CCC(=O)O)CC(=O)O	3-METHYLADIPIC ACID	CCMSLIB00006678567	GNPS	/Users/nothiasl/git/enpkg_mn/db_spectra/ALL_GNPS.msp	1	159.06520080566406
26	0.996980227978032	5	76579		-1	negative	Orbitrap	ESI-Orbitrap	DB#=CCMSLIB00006678822; origin=GNPS	WLJVNTCWHIRURA-UHFFFAOYSA-N	InChI=1S/C7H12O4/c8-6(9)4-2-1-3-5-7(10)11/h1-5H2,(H,8,9)(H,10,11)	C(CCC(=O)O)CCC(=O)O	PIMELIC ACID	CCMSLIB00006678822	GNPS	/Users/nothiasl/git/enpkg_mn/db_spectra/ALL_GNPS.msp	1	159.06520080566406
26	0.9961377109169264	5	76932		-1	negative	Orbitrap	ESI-Orbitrap	DB#=CCMSLIB00006679733; origin=GNPS	WLJVNTCWHIRURA-UHFFFAOYSA-N	InChI=1S/C7H12O4/c8-6(9)4-2-1-3-5-7(10)11/h1-5H2,(H,8,9)(H,10,11)	C(CCC(=O)O)CCC(=O)O	PIMELIC ACID	CCMSLIB00006679733	GNPS	/Users/nothiasl/git/enpkg_mn/db_spectra/ALL_GNPS.msp	1	159.06520080566406
26	0.8759364622199804	5	78523		-1	negative	qTof	ESI-qTof	DB#=CCMSLIB00006683519; origin=GNPS	WLJVNTCWHIRURA-UHFFFAOYSA-N	InChI=1S/C7H12O4/c8-6(9)4-2-1-3-5-7(10)11/h1-5H2,(H,8,9)(H,10,11)	C(CCC(=O)O)CCC(=O)O	PIMELIC ACID	CCMSLIB00006683519	GNPS	/Users/nothiasl/git/enpkg_mn/db_spectra/ALL_GNPS.msp	1	159.06520080566406
26	0.9810704013530948	5	78803		-1	negative	qTof	ESI-qTof	DB#=CCMSLIB00006684225; origin=GNPS	WLJVNTCWHIRURA-UHFFFAOYSA-N	InChI=1S/C7H12O4/c8-6(9)4-2-1-3-5-7(10)11/h1-5H2,(H,8,9)(H,10,11)	C(CCC(=O)O)CCC(=O)O	PIMELIC ACID	CCMSLIB00006684225	GNPS	/Users/nothiasl/git/enpkg_mn/db_spectra/ALL_GNPS.msp	1	159.06520080566406
26	0.9756608786153392	5	84392		-1	negative	Orbitrap	ESI-Orbitrap	DB#=CCMSLIB00006121656; origin=GNPS	WLJVNTCWHIRURA-UHFFFAOYSA-N		C(CCC(=O)O)CCC(=O)O	Pimelic acid - 40.0 eV	CCMSLIB00006121656	GNPS	/Users/nothiasl/git/enpkg_mn/db_spectra/ALL_GNPS.msp	1	159.06520080566406
26	0.976008368840868	5	84393		-1	negative	Orbitrap	ESI-Orbitrap	DB#=CCMSLIB00006121657; origin=GNPS	WLJVNTCWHIRURA-UHFFFAOYSA-N		C(CCC(=O)O)CCC(=O)O	Pimelic acid - 40.0 eV	CCMSLIB00006121657	GNPS	/Users/nothiasl/git/enpkg_mn/db_spectra/ALL_GNPS.msp	1	159.06520080566406
26	0.9758676076121966	5	84394		-1	negative	Orbitrap	ESI-Orbitrap	DB#=CCMSLIB00006121660; origin=GNPS	WLJVNTCWHIRURA-UHFFFAOYSA-N		C(CCC(=O)O)CCC(=O)O	Pimelic acid - 40.0 eV	CCMSLIB00006121660	GNPS	/Users/nothiasl/git/enpkg_mn/db_spectra/ALL_GNPS.msp	1	159.06520080566406
26	0.9788227076438591	5	84395		-1	negative	Orbitrap	ESI-Orbitrap	DB#=CCMSLIB00006121662; origin=GNPS	WLJVNTCWHIRURA-UHFFFAOYSA-N		C(CCC(=O)O)CCC(=O)O	Pimelic acid - 40.0 eV	CCMSLIB00006121662	GNPS	/Users/nothiasl/git/enpkg_mn/db_spectra/ALL_GNPS.msp	1	159.06520080566406
26	0.9738022087504404	5	84396		-1	negative	Orbitrap	ESI-Orbitrap	DB#=CCMSLIB00006121664; origin=GNPS	WLJVNTCWHIRURA-UHFFFAOYSA-N		C(CCC(=O)O)CCC(=O)O	Pimelic acid - 40.0 eV	CCMSLIB00006121664	GNPS	/Users/nothiasl/git/enpkg_mn/db_spectra/ALL_GNPS.msp	1	159.06520080566406
26	0.9207674310818998	5	84397		-1	negative	Orbitrap	ESI-Orbitrap	DB#=CCMSLIB00006121667; origin=GNPS	WLJVNTCWHIRURA-UHFFFAOYSA-N		C(CCC(=O)O)CCC(=O)O	Pimelic acid - 30.0 eV	CCMSLIB00006121667	GNPS	/Users/nothiasl/git/enpkg_mn/db_spectra/ALL_GNPS.msp	1	159.06520080566406
26	0.83352529230919	5	84401		-1	negative	Orbitrap	ESI-Orbitrap	DB#=CCMSLIB00006121676; origin=GNPS	WLJVNTCWHIRURA-UHFFFAOYSA-N		C(CCC(=O)O)CCC(=O)O	Pimelic acid - 40.0 eV	CCMSLIB00006121676	GNPS	/Users/nothiasl/git/enpkg_mn/db_spectra/ALL_GNPS.msp	1	159.06520080566406
26	0.8637329515883463	5	84402		-1	negative	Orbitrap	ESI-Orbitrap	DB#=CCMSLIB00006121678; origin=GNPS	WLJVNTCWHIRURA-UHFFFAOYSA-N		C(CCC(=O)O)CCC(=O)O	Pimelic acid - 40.0 eV	CCMSLIB00006121678	GNPS	/Users/nothiasl/git/enpkg_mn/db_spectra/ALL_GNPS.msp	1	159.06520080566406
26	0.9337811416306738	5	84403		-1	negative	Orbitrap	ESI-Orbitrap	DB#=CCMSLIB00006121681; origin=GNPS	WLJVNTCWHIRURA-UHFFFAOYSA-N		C(CCC(=O)O)CCC(=O)O	Pimelic acid - 30.0 eV	CCMSLIB00006121681	GNPS	/Users/nothiasl/git/enpkg_mn/db_spectra/ALL_GNPS.msp	1	159.06520080566406
26	0.8790693523328894	5	84593		-1	negative	Orbitrap	ESI-Orbitrap	DB#=CCMSLIB00006122121; origin=GNPS	SYEOWUNSTUDKGM-UHFFFAOYSA-N		CC(CCC(=O)O)CC(=O)O	3-Methyladipic acid - 40.0 eV	CCMSLIB00006122121	GNPS	/Users/nothiasl/git/enpkg_mn/db_spectra/ALL_GNPS.msp	1	159.06520080566406
26	0.8703500947171835	5	84594		-1	negative	Orbitrap	ESI-Orbitrap	DB#=CCMSLIB00006122123; origin=GNPS	SYEOWUNSTUDKGM-UHFFFAOYSA-N		CC(CCC(=O)O)CC(=O)O	3-Methyladipic acid - 40.0 eV	CCMSLIB00006122123	GNPS	/Users/nothiasl/git/enpkg_mn/db_spectra/ALL_GNPS.msp	1	159.06520080566406
26	0.8714826391978159	5	84595		-1	negative	Orbitrap	ESI-Orbitrap	DB#=CCMSLIB00006122126; origin=GNPS	SYEOWUNSTUDKGM-UHFFFAOYSA-N		CC(CCC(=O)O)CC(=O)O	3-Methyladipic acid - 40.0 eV	CCMSLIB00006122126	GNPS	/Users/nothiasl/git/enpkg_mn/db_spectra/ALL_GNPS.msp	1	159.06520080566406
26	0.872847161624181	5	84596		-1	negative	Orbitrap	ESI-Orbitrap	DB#=CCMSLIB00006122128; origin=GNPS	SYEOWUNSTUDKGM-UHFFFAOYSA-N		CC(CCC(=O)O)CC(=O)O	3-Methyladipic acid - 40.0 eV	CCMSLIB00006122128	GNPS	/Users/nothiasl/git/enpkg_mn/db_spectra/ALL_GNPS.msp	1	159.06520080566406
26	0.8086334377955945	5	84597		-1	negative	Orbitrap	ESI-Orbitrap	DB#=CCMSLIB00006122130; origin=GNPS	SYEOWUNSTUDKGM-UHFFFAOYSA-N		CC(CCC(=O)O)CC(=O)O	3-Methyladipic acid - 40.0 eV	CCMSLIB00006122130	GNPS	/Users/nothiasl/git/enpkg_mn/db_spectra/ALL_GNPS.msp	1	159.06520080566406
26	0.8881980937139304	5	84598		-1	negative	Orbitrap	ESI-Orbitrap	DB#=CCMSLIB00006122132; origin=GNPS	SYEOWUNSTUDKGM-UHFFFAOYSA-N		CC(CCC(=O)O)CC(=O)O	3-Methyladipic acid - 40.0 eV	CCMSLIB00006122132	GNPS	/Users/nothiasl/git/enpkg_mn/db_spectra/ALL_GNPS.msp	1	159.06520080566406
26	0.8891620655741148	5	84599		-1	negative	Orbitrap	ESI-Orbitrap	DB#=CCMSLIB00006122134; origin=GNPS	SYEOWUNSTUDKGM-UHFFFAOYSA-N		CC(CCC(=O)O)CC(=O)O	3-Methyladipic acid - 40.0 eV	CCMSLIB00006122134	GNPS	/Users/nothiasl/git/enpkg_mn/db_spectra/ALL_GNPS.msp	1	159.06520080566406
26	0.8873838949006948	5	84600		-1	negative	Orbitrap	ESI-Orbitrap	DB#=CCMSLIB00006122136; origin=GNPS	SYEOWUNSTUDKGM-UHFFFAOYSA-N		CC(CCC(=O)O)CC(=O)O	3-Methyladipic acid - 40.0 eV	CCMSLIB00006122136	GNPS	/Users/nothiasl/git/enpkg_mn/db_spectra/ALL_GNPS.msp	1	159.06520080566406
26	0.8769943525333281	5	84601		-1	negative	Orbitrap	ESI-Orbitrap	DB#=CCMSLIB00006122139; origin=GNPS	SYEOWUNSTUDKGM-UHFFFAOYSA-N		CC(CCC(=O)O)CC(=O)O	3-Methyladipic acid - 40.0 eV	CCMSLIB00006122139	GNPS	/Users/nothiasl/git/enpkg_mn/db_spectra/ALL_GNPS.msp	1	159.06520080566406
26	0.8922965203470329	5	84602		-1	negative	Orbitrap	ESI-Orbitrap	DB#=CCMSLIB00006122141; origin=GNPS	SYEOWUNSTUDKGM-UHFFFAOYSA-N		CC(CCC(=O)O)CC(=O)O	3-Methyladipic acid - 40.0 eV	CCMSLIB00006122141	GNPS	/Users/nothiasl/git/enpkg_mn/db_spectra/ALL_GNPS.msp	1	159.06520080566406
26	0.9156739141691048	5	84603		-1	negative	Orbitrap	ESI-Orbitrap	DB#=CCMSLIB00006122143; origin=GNPS	SYEOWUNSTUDKGM-UHFFFAOYSA-N		CC(CCC(=O)O)CC(=O)O	3-Methyladipic acid - 30.0 eV	CCMSLIB00006122143	GNPS	/Users/nothiasl/git/enpkg_mn/db_spectra/ALL_GNPS.msp	1	159.06520080566406
33	0.777618334252577	5	4159		-1	negative	qTof	LC-ESI-qTof	DB#=CCMSLIB00005719015; origin=GNPS	BMRVNZZVDSVOQG-UHFFFAOYSA-N	InChI=1S/C10H12O4/c1-5-4-7(14-3)6(2)9(11)8(5)10(12)13/h4,11H,1-3H3,(H,12,13)	O=C(O)c1c(C)cc(OC)c(C)c1O	Rhizonic acid	CCMSLIB00005719015	GNPS	/Users/nothiasl/git/enpkg_mn/db_spectra/ALL_GNPS.msp	5	195.06336975097656
33	0.9762515048898311	7	30032		-1	negative	Orbitrap	LC-ESI-Orbitrap	DB#=CCMSLIB00010114043; origin=GNPS	IPBVNPXQWQGGJP-UHFFFAOYSA-N	InChI=1S/C8H8O2/c1-7(9)10-8-5-3-2-4-6-8/h2-6H,1H3	CC(=O)Oc1ccccc1	PHENYL ACETATE CollisionEnergy:102040	CCMSLIB00010114043	GNPS	/Users/nothiasl/git/enpkg_mn/db_spectra/ALL_GNPS.msp	5	195.06336975097656
33	0.9105937853042878	8	30178		-1	negative	Orbitrap	LC-ESI-Orbitrap	DB#=CCMSLIB00010114410; origin=GNPS	BOLQJTPHPSDZHR-UHFFFAOYSA-N	InChI=1S/C10H12O4/c1-14-9-6-7(2-4-8(9)11)3-5-10(12)13/h2,4,6,11H,3,5H2,1H3,(H,12,13)	COc1cc(CCC(=O)O)ccc1O	Untitled CollisionEnergy:102040	CCMSLIB00010114410	GNPS	/Users/nothiasl/git/enpkg_mn/db_spectra/ALL_GNPS.msp	5	195.06336975097656
33	0.9012372325379288	7	34374		-1	negative	Orbitrap	LC-ESI-Orbitrap	DB#=CCMSLIB00010125368; origin=GNPS	IPBVNPXQWQGGJP-UHFFFAOYSA-N	InChI=1S/C8H8O2/c1-7(9)10-8-5-3-2-4-6-8/h2-6H,1H3	CC(=O)Oc1ccccc1	PHENYL ACETATE CollisionEnergy:205060	CCMSLIB00010125368	GNPS	/Users/nothiasl/git/enpkg_mn/db_spectra/ALL_GNPS.msp	5	195.06336975097656
33	0.6913279180112133	8	34520		-1	negative	Orbitrap	LC-ESI-Orbitrap	DB#=CCMSLIB00010125738; origin=GNPS	BOLQJTPHPSDZHR-UHFFFAOYSA-N	InChI=1S/C10H12O4/c1-14-9-6-7(2-4-8(9)11)3-5-10(12)13/h2,4,6,11H,3,5H2,1H3,(H,12,13)	COc1cc(CCC(=O)O)ccc1O	Untitled CollisionEnergy:205060	CCMSLIB00010125738	GNPS	/Users/nothiasl/git/enpkg_mn/db_spectra/ALL_GNPS.msp	5	195.06336975097656
47	0.9890951043365944	7	650		-1	negative	Orbitrap	ESI-Orbitrap	DB#=CCMSLIB00005436185; origin=GNPS	BDJRBEYXGGNYIS-UHFFFAOYSA-N	InChI=1S/C9H16O4/c10-8(11)6-4-2-1-3-5-7-9(12)13/h1-7H2,(H,10,11)(H,12,13)	OC(=O)CCCCCCCC(O)=O	AZELATE	CCMSLIB00005436185	GNPS	/Users/nothiasl/git/enpkg_mn/db_spectra/ALL_GNPS.msp	1	187.09652709960935
47	0.9953472669696364	7	3888		-1	negative	Q-Exactive Plus	LC-ESI-Q-Exactive Plus	DB#=CCMSLIB00000578346; origin=GNPS	BDJRBEYXGGNYIS-UHFFFAOYSA-N		C(CCCC(=O)O)CCCC(=O)O	AZELAIC ACID	CCMSLIB00000578346	GNPS	/Users/nothiasl/git/enpkg_mn/db_spectra/ALL_GNPS.msp	1	187.09652709960935
47	0.9890951043365944	7	5390		-1	negative	Orbitrap	ESI-Orbitrap	DB#=CCMSLIB00005463658; origin=GNPS	BDJRBEYXGGNYIS-UHFFFAOYSA-N	InChI=1S/C9H16O4/c10-8(11)6-4-2-1-3-5-7-9(12)13/h1-7H2,(H,10,11)(H,12,13)	OC(=O)CCCCCCCC(O)=O	AZELATE	CCMSLIB00005463658	GNPS	/Users/nothiasl/git/enpkg_mn/db_spectra/ALL_GNPS.msp	1	187.09652709960935
47	0.8871416534974187	6	24738		-1	negative	Orbitrap	ESI-Orbitrap	DB#=CCMSLIB00006677575; origin=GNPS	BDJRBEYXGGNYIS-UHFFFAOYSA-N	InChI=1S/C9H16O4/c10-8(11)6-4-2-1-3-5-7-9(12)13/h1-7H2,(H,10,11)(H,12,13)	C(CCCC(=O)O)CCCC(=O)O	azelaic_acid	CCMSLIB00006677575	GNPS	/Users/nothiasl/git/enpkg_mn/db_spectra/ALL_GNPS.msp	1	187.09652709960935
47	0.9230365193202004	6	24741		-1	negative	Orbitrap	ESI-Orbitrap	DB#=CCMSLIB00006677578; origin=GNPS	BDJRBEYXGGNYIS-UHFFFAOYSA-N	InChI=1S/C9H16O4/c10-8(11)6-4-2-1-3-5-7-9(12)13/h1-7H2,(H,10,11)(H,12,13)	C(CCCC(=O)O)CCCC(=O)O	azelaic_acid	CCMSLIB00006677578	GNPS	/Users/nothiasl/git/enpkg_mn/db_spectra/ALL_GNPS.msp	1	187.09652709960935
47	0.8793318825012657	5	24744		-1	negative	Orbitrap	ESI-Orbitrap	DB#=CCMSLIB00006677581; origin=GNPS	BDJRBEYXGGNYIS-UHFFFAOYSA-N	InChI=1S/C9H16O4/c10-8(11)6-4-2-1-3-5-7-9(12)13/h1-7H2,(H,10,11)(H,12,13)	C(CCCC(=O)O)CCCC(=O)O	azelaic_acid	CCMSLIB00006677581	GNPS	/Users/nothiasl/git/enpkg_mn/db_spectra/ALL_GNPS.msp	1	187.09652709960935
47	0.8792806909938062	5	24747		-1	negative	Orbitrap	ESI-Orbitrap	DB#=CCMSLIB00006677584; origin=GNPS	BDJRBEYXGGNYIS-UHFFFAOYSA-N	InChI=1S/C9H16O4/c10-8(11)6-4-2-1-3-5-7-9(12)13/h1-7H2,(H,10,11)(H,12,13)	C(CCCC(=O)O)CCCC(=O)O	azelaic_acid	CCMSLIB00006677584	GNPS	/Users/nothiasl/git/enpkg_mn/db_spectra/ALL_GNPS.msp	1	187.09652709960935
47	0.9962469368278636	7	25919		-1	negative	Orbitrap	LC-ESI-Orbitrap	DB#=CCMSLIB00010102863; origin=GNPS	BDJRBEYXGGNYIS-UHFFFAOYSA-N	InChI=1S/C9H16O4/c10-8(11)6-4-2-1-3-5-7-9(12)13/h1-7H2,(H,10,11)(H,12,13)	O=C(O)CCCCCCCC(=O)O	azelaic acid CollisionEnergy:102040	CCMSLIB00010102863	GNPS	/Users/nothiasl/git/enpkg_mn/db_spectra/ALL_GNPS.msp	1	187.09652709960935
47	0.982619586329851	7	27179		-1	negative	Orbitrap	LC-ESI-Orbitrap	DB#=CCMSLIB00010107221; origin=GNPS	BDJRBEYXGGNYIS-UHFFFAOYSA-N	InChI=1S/C9H16O4/c10-8(11)6-4-2-1-3-5-7-9(12)13/h1-7H2,(H,10,11)(H,12,13)	O=C(O)CCCCCCCC(=O)O	azelaic acid CollisionEnergy:102040	CCMSLIB00010107221	GNPS	/Users/nothiasl/git/enpkg_mn/db_spectra/ALL_GNPS.msp	1	187.09652709960935
47	0.9941068742047344	7	31533		-1	negative	Orbitrap	LC-ESI-Orbitrap	DB#=CCMSLIB00010118558; origin=GNPS	BDJRBEYXGGNYIS-UHFFFAOYSA-N	InChI=1S/C9H16O4/c10-8(11)6-4-2-1-3-5-7-9(12)13/h1-7H2,(H,10,11)(H,12,13)	O=C(O)CCCCCCCC(=O)O	azelaic acid CollisionEnergy:205060	CCMSLIB00010118558	GNPS	/Users/nothiasl/git/enpkg_mn/db_spectra/ALL_GNPS.msp	1	187.09652709960935
47	0.9962469368278636	7	35066		-1	negative	Orbitrap	LC-ESI-Orbitrap	DB#=CCMSLIB00010126478; origin=GNPS	BDJRBEYXGGNYIS-UHFFFAOYSA-N	InChI=1S/C9H16O4/c10-8(11)6-4-2-1-3-5-7-9(12)13/h1-7H2,(H,10,11)(H,12,13)	O=C(O)CCCCCCCC(=O)O	azelaic acid CollisionEnergy:102040	CCMSLIB00010126478	GNPS	/Users/nothiasl/git/enpkg_mn/db_spectra/ALL_GNPS.msp	1	187.09652709960935
47	0.9662814664223692	6	45849		-1	negative	qTof	ESI-qTof	DB#=CCMSLIB00005744459; origin=GNPS	BDJRBEYXGGNYIS-UHFFFAOYSA-N	1S/C9H16O4/c10-8(11)6-4-2-1-3-5-7-9(12)13/h1-7H2,(H,10,11)(H,12,13)	O=C(O)CCCCCCCC(=O)O	Azelaic acid (Not validated)	CCMSLIB00005744459	GNPS	/Users/nothiasl/git/enpkg_mn/db_spectra/ALL_GNPS.msp	1	187.09652709960935
47	0.9764347162769724	7	68689		-1	negative	ESI-QFT	N/A-ESI-QFT	DB#=CCMSLIB00004691667; origin=GNPS	BDJRBEYXGGNYIS-UHFFFAOYSA-N	InChI=1S/C9H16O4/c10-8(11)6-4-2-1-3-5-7-9(12)13/h1-7H2,(H,10,11)(H,12,13)		Azelaic acid	CCMSLIB00004691667	GNPS	/Users/nothiasl/git/enpkg_mn/db_spectra/ALL_GNPS.msp	1	187.09652709960935
47	0.9177475155178798	7	68690		-1	negative	ESI-QFT	N/A-ESI-QFT	DB#=CCMSLIB00004691668; origin=GNPS	BDJRBEYXGGNYIS-UHFFFAOYSA-N	InChI=1S/C9H16O4/c10-8(11)6-4-2-1-3-5-7-9(12)13/h1-7H2,(H,10,11)(H,12,13)		Azelaic acid	CCMSLIB00004691668	GNPS	/Users/nothiasl/git/enpkg_mn/db_spectra/ALL_GNPS.msp	1	187.09652709960935
47	0.6646014603558361	6	68691		-1	negative	ESI-QFT	N/A-ESI-QFT	DB#=CCMSLIB00004691669; origin=GNPS	BDJRBEYXGGNYIS-UHFFFAOYSA-N	InChI=1S/C9H16O4/c10-8(11)6-4-2-1-3-5-7-9(12)13/h1-7H2,(H,10,11)(H,12,13)		Azelaic acid	CCMSLIB00004691669	GNPS	/Users/nothiasl/git/enpkg_mn/db_spectra/ALL_GNPS.msp	1	187.09652709960935
47	0.9831940230615148	7	71179		-1	negative	ESI-QFT	N/A-ESI-QFT	DB#=CCMSLIB00004702806; origin=GNPS	BDJRBEYXGGNYIS-UHFFFAOYSA-N	InChI=1S/C9H16O4/c10-8(11)6-4-2-1-3-5-7-9(12)13/h1-7H2,(H,10,11)(H,12,13)		AZELAIC ACID	CCMSLIB00004702806	GNPS	/Users/nothiasl/git/enpkg_mn/db_spectra/ALL_GNPS.msp	1	187.09652709960935
47	0.9226012299134726	7	71180		-1	negative	ESI-QFT	N/A-ESI-QFT	DB#=CCMSLIB00004702807; origin=GNPS	BDJRBEYXGGNYIS-UHFFFAOYSA-N	InChI=1S/C9H16O4/c10-8(11)6-4-2-1-3-5-7-9(12)13/h1-7H2,(H,10,11)(H,12,13)		AZELAIC ACID	CCMSLIB00004702807	GNPS	/Users/nothiasl/git/enpkg_mn/db_spectra/ALL_GNPS.msp	1	187.09652709960935
47	0.7202254138515548	6	71181		-1	negative	ESI-QFT	N/A-ESI-QFT	DB#=CCMSLIB00004702808; origin=GNPS	BDJRBEYXGGNYIS-UHFFFAOYSA-N	InChI=1S/C9H16O4/c10-8(11)6-4-2-1-3-5-7-9(12)13/h1-7H2,(H,10,11)(H,12,13)		AZELAIC ACID	CCMSLIB00004702808	GNPS	/Users/nothiasl/git/enpkg_mn/db_spectra/ALL_GNPS.msp	1	187.09652709960935
47	0.9884344944525346	7	75766		-1	negative	ESI-QTOF	N/A-ESI-QTOF	DB#=CCMSLIB00004719716; origin=GNPS	BDJRBEYXGGNYIS-UHFFFAOYSA-N	InChI=1S/C9H16O4/c10-8(11)6-4-2-1-3-5-7-9(12)13/h1-7H2,(H,10,11)(H,12,13)		hydron;nonanedioate	CCMSLIB00004719716	GNPS	/Users/nothiasl/git/enpkg_mn/db_spectra/ALL_GNPS.msp	1	187.09652709960935
47	0.8425540574301303	7	75767		-1	negative	ESI-QTOF	N/A-ESI-QTOF	DB#=CCMSLIB00004719717; origin=GNPS	BDJRBEYXGGNYIS-UHFFFAOYSA-N	InChI=1S/C9H16O4/c10-8(11)6-4-2-1-3-5-7-9(12)13/h1-7H2,(H,10,11)(H,12,13)		hydron;nonanedioate	CCMSLIB00004719717	GNPS	/Users/nothiasl/git/enpkg_mn/db_spectra/ALL_GNPS.msp	1	187.09652709960935
47	0.8796254733333565	7	81083		-1	negative	Orbitrap	ESI-Orbitrap	DB#=CCMSLIB00006113455; origin=GNPS	BDJRBEYXGGNYIS-UHFFFAOYSA-N		C(CCCC(=O)O)CCCC(=O)O	Azelaic acid - 30.0 eV	CCMSLIB00006113455	GNPS	/Users/nothiasl/git/enpkg_mn/db_spectra/ALL_GNPS.msp	1	187.09652709960935
47	0.8785289552123196	5	81084		-1	negative	Orbitrap	ESI-Orbitrap	DB#=CCMSLIB00006113457; origin=GNPS	BDJRBEYXGGNYIS-UHFFFAOYSA-N		C(CCCC(=O)O)CCCC(=O)O	Azelaic acid - 30.0 eV	CCMSLIB00006113457	GNPS	/Users/nothiasl/git/enpkg_mn/db_spectra/ALL_GNPS.msp	1	187.09652709960935
47	0.8793912722166535	6	81085		-1	negative	Orbitrap	ESI-Orbitrap	DB#=CCMSLIB00006113459; origin=GNPS	BDJRBEYXGGNYIS-UHFFFAOYSA-N		C(CCCC(=O)O)CCCC(=O)O	Azelaic acid - 30.0 eV	CCMSLIB00006113459	GNPS	/Users/nothiasl/git/enpkg_mn/db_spectra/ALL_GNPS.msp	1	187.09652709960935
47	0.9779627472558984	7	81088		-1	negative	Orbitrap	ESI-Orbitrap	DB#=CCMSLIB00006113464; origin=GNPS	BDJRBEYXGGNYIS-UHFFFAOYSA-N		C(CCCC(=O)O)CCCC(=O)O	Azelaic acid - 40.0 eV	CCMSLIB00006113464	GNPS	/Users/nothiasl/git/enpkg_mn/db_spectra/ALL_GNPS.msp	1	187.09652709960935
47	0.9855769902820596	7	81089		-1	negative	Orbitrap	ESI-Orbitrap	DB#=CCMSLIB00006113466; origin=GNPS	BDJRBEYXGGNYIS-UHFFFAOYSA-N		C(CCCC(=O)O)CCCC(=O)O	Azelaic acid - 40.0 eV	CCMSLIB00006113466	GNPS	/Users/nothiasl/git/enpkg_mn/db_spectra/ALL_GNPS.msp	1	187.09652709960935
47	0.9859521636164889	7	81090		-1	negative	Orbitrap	ESI-Orbitrap	DB#=CCMSLIB00006113468; origin=GNPS	BDJRBEYXGGNYIS-UHFFFAOYSA-N		C(CCCC(=O)O)CCCC(=O)O	Azelaic acid - 40.0 eV	CCMSLIB00006113468	GNPS	/Users/nothiasl/git/enpkg_mn/db_spectra/ALL_GNPS.msp	1	187.09652709960935
47	0.9768544081487854	7	81091		-1	negative	Orbitrap	ESI-Orbitrap	DB#=CCMSLIB00006113470; origin=GNPS	BDJRBEYXGGNYIS-UHFFFAOYSA-N		C(CCCC(=O)O)CCCC(=O)O	Azelaic acid - 40.0 eV	CCMSLIB00006113470	GNPS	/Users/nothiasl/git/enpkg_mn/db_spectra/ALL_GNPS.msp	1	187.09652709960935
47	0.976800110395972	6	81092		-1	negative	Orbitrap	ESI-Orbitrap	DB#=CCMSLIB00006113472; origin=GNPS	BDJRBEYXGGNYIS-UHFFFAOYSA-N		C(CCCC(=O)O)CCCC(=O)O	Azelaic acid - 40.0 eV	CCMSLIB00006113472	GNPS	/Users/nothiasl/git/enpkg_mn/db_spectra/ALL_GNPS.msp	1	187.09652709960935
47	0.9964934017676932	7	81093		-1	negative	Orbitrap	ESI-Orbitrap	DB#=CCMSLIB00006113474; origin=GNPS	BDJRBEYXGGNYIS-UHFFFAOYSA-N		C(CCCC(=O)O)CCCC(=O)O	Azelaic acid - 40.0 eV	CCMSLIB00006113474	GNPS	/Users/nothiasl/git/enpkg_mn/db_spectra/ALL_GNPS.msp	1	187.09652709960935
47	0.996624563231444	7	81094		-1	negative	Orbitrap	ESI-Orbitrap	DB#=CCMSLIB00006113475; origin=GNPS	BDJRBEYXGGNYIS-UHFFFAOYSA-N		C(CCCC(=O)O)CCCC(=O)O	Azelaic acid - 40.0 eV	CCMSLIB00006113475	GNPS	/Users/nothiasl/git/enpkg_mn/db_spectra/ALL_GNPS.msp	1	187.09652709960935
47	0.9965242248899218	7	81095		-1	negative	Orbitrap	ESI-Orbitrap	DB#=CCMSLIB00006113477; origin=GNPS	BDJRBEYXGGNYIS-UHFFFAOYSA-N		C(CCCC(=O)O)CCCC(=O)O	Azelaic acid - 40.0 eV	CCMSLIB00006113477	GNPS	/Users/nothiasl/git/enpkg_mn/db_spectra/ALL_GNPS.msp	1	187.09652709960935
47	0.9968401607802294	7	81096		-1	negative	Orbitrap	ESI-Orbitrap	DB#=CCMSLIB00006113479; origin=GNPS	BDJRBEYXGGNYIS-UHFFFAOYSA-N		C(CCCC(=O)O)CCCC(=O)O	Azelaic acid - 40.0 eV	CCMSLIB00006113479	GNPS	/Users/nothiasl/git/enpkg_mn/db_spectra/ALL_GNPS.msp	1	187.09652709960935
47	0.9955953852903492	7	81097		-1	negative	Orbitrap	ESI-Orbitrap	DB#=CCMSLIB00006113481; origin=GNPS	BDJRBEYXGGNYIS-UHFFFAOYSA-N		C(CCCC(=O)O)CCCC(=O)O	Azelaic acid - 40.0 eV	CCMSLIB00006113481	GNPS	/Users/nothiasl/git/enpkg_mn/db_spectra/ALL_GNPS.msp	1	187.09652709960935
47	0.8807243788202134	6	81098		-1	negative	Orbitrap	ESI-Orbitrap	DB#=CCMSLIB00006113483; origin=GNPS	BDJRBEYXGGNYIS-UHFFFAOYSA-N		C(CCCC(=O)O)CCCC(=O)O	Azelaic acid - 30.0 eV	CCMSLIB00006113483	GNPS	/Users/nothiasl/git/enpkg_mn/db_spectra/ALL_GNPS.msp	1	187.09652709960935
47	0.8806288105679506	6	81099		-1	negative	Orbitrap	ESI-Orbitrap	DB#=CCMSLIB00006113485; origin=GNPS	BDJRBEYXGGNYIS-UHFFFAOYSA-N		C(CCCC(=O)O)CCCC(=O)O	Azelaic acid - 30.0 eV	CCMSLIB00006113485	GNPS	/Users/nothiasl/git/enpkg_mn/db_spectra/ALL_GNPS.msp	1	187.09652709960935
47	0.8803498114296913	7	81100		-1	negative	Orbitrap	ESI-Orbitrap	DB#=CCMSLIB00006113486; origin=GNPS	BDJRBEYXGGNYIS-UHFFFAOYSA-N		C(CCCC(=O)O)CCCC(=O)O	Azelaic acid - 30.0 eV	CCMSLIB00006113486	GNPS	/Users/nothiasl/git/enpkg_mn/db_spectra/ALL_GNPS.msp	1	187.09652709960935
47	0.8809222215209475	6	81101		-1	negative	Orbitrap	ESI-Orbitrap	DB#=CCMSLIB00006113487; origin=GNPS	BDJRBEYXGGNYIS-UHFFFAOYSA-N		C(CCCC(=O)O)CCCC(=O)O	Azelaic acid - 30.0 eV	CCMSLIB00006113487	GNPS	/Users/nothiasl/git/enpkg_mn/db_spectra/ALL_GNPS.msp	1	187.09652709960935
258	0.8770346492783085	5	46034		-1	negative	qTof	ESI-qTof	DB#=CCMSLIB00005744806; origin=GNPS	RCMABBHQYMBYKV-UHFFFAOYSA-N	1S/C18H30O4/c1-2-3-7-11-16-17(22-16)14-13-15(19)10-8-5-4-6-9-12-18(20)21/h13-14,16-17H,2-12H2,1H3,(H,20,21)	O=C(O)CCCCCCCC(=O)C=CC1OC1(CCCCC)	FA 18:3+2O	CCMSLIB00005744806	GNPS	/Users/nothiasl/git/enpkg_mn/db_spectra/ALL_GNPS.msp	1	309.20697021484375
44	0.9410512526658268	5	72841		-1	negative	ESI-QFT	N/A-ESI-QFT	DB#=CCMSLIB00004708020; origin=GNPS	BQRISQXLSXCXSC-UHFFFAOYSA-N	InChI=1S/C12H22O6/c13-8-10(14)9-18-12(17)7-5-3-1-2-4-6-11(15)16/h10,13-14H,1-9H2,(H,15,16)		9-(2,3-dihydroxypropoxy)-9-oxononanoic acid	CCMSLIB00004708020	GNPS	/Users/nothiasl/git/enpkg_mn/db_spectra/ALL_GNPS.msp	1	261.1341247558594
58	0.6633945963655499	7	69448		-1	negative	ESI-QFT	N/A-ESI-QFT	DB#=CCMSLIB00004694349; origin=GNPS	OCDGBSUVYYVKQZ-UHFFFAOYSA-N	InChI=1S/C11H14N2/c1-13(2)8-9-7-12-11-6-4-3-5-10(9)11/h3-7,12H,8H2,1-2H3		Gramine	CCMSLIB00004694349	GNPS	/Users/nothiasl/git/enpkg_mn/db_spectra/ALL_GNPS.msp	1	173.11724853515625
135	0.8181787710021148	12	48053		-1	negative	qTof	ESI-qTof	DB#=CCMSLIB00005748740; origin=GNPS	MKYUCBXUUSZMQB-UHFFFAOYSA-N	1S/C18H32O5/c1-2-3-7-11-16(20)17(21)14-13-15(19)10-8-5-4-6-9-12-18(22)23/h3,7,13-17,19-21H,2,4-6,8-12H2,1H3,(H,22,23)	O=C(O)CCCCCCCC(O)C=CC(O)C(O)CC=CCC	FA 18:2+3O	CCMSLIB00005748740	GNPS	/Users/nothiasl/git/enpkg_mn/db_spectra/ALL_GNPS.msp	-1	327.2175598144531
164	0.9327911897502966	7	46722		-1	negative	qTof	ESI-qTof	DB#=CCMSLIB00005746134; origin=GNPS	BJIKXWWZEPAKQC-UHFFFAOYSA-N	1S/C18H30O4/c1-2-3-7-10-15(19)13-14-17-16(22-17)11-8-5-4-6-9-12-18(20)21/h13-14,16-17H,2-12H2,1H3,(H,20,21)	O=C(O)CCCCCCCC1OC1(C=CC(=O)CCCCC)	FA 18:3+2O	CCMSLIB00005746134	GNPS	/Users/nothiasl/git/enpkg_mn/db_spectra/ALL_GNPS.msp	12	309.2070007324219
118	0.9711288660564912	7	826		-1	negative	qTof	LC-ESI-qTof	DB#=CCMSLIB00005467935; origin=GNPS				Madecassic Acid	CCMSLIB00005467935	GNPS	/Users/nothiasl/git/enpkg_mn/db_spectra/ALL_GNPS.msp	1	503.3375244140625
118	0.9172854296224496	9	71536		-1	negative	ESI-QFT	N/A-ESI-QFT	DB#=CCMSLIB00004703856; origin=GNPS	IDQVFXZQPGAVAM-LWWFSHPVSA-N	InChI=1S/C30H48O6/c1-25(2)9-11-30(24(35)36)12-10-28(5)17(18(30)13-25)7-8-21-26(3)14-20(33)23(34)27(4,16-31)22(26)19(32)15-29(21,28)6/h7,18-23,31-34H,8-16H2,1-6H3,(H,35,36)/t18-,19+,20+,21?,22?,23-,26+,27-,28+,29+,30-/m0/s1		(4aS,6aS,6bR,8R,9R,10R,11R,12aR,14bS)-8,10,11-trihydroxy-9-(hydroxymethyl)-2,2,6a,6b,9,12a-hexamethyl-1,3,4,5,6,6a,7,8,8a,10,11,12,13,14b-tetradecahydropicene-4a-carboxylic acid	CCMSLIB00004703856	GNPS	/Users/nothiasl/git/enpkg_mn/db_spectra/ALL_GNPS.msp	1	503.3375244140625
118	0.9058464638842908	7	71537		-1	negative	ESI-QFT	N/A-ESI-QFT	DB#=CCMSLIB00004703857; origin=GNPS	IDQVFXZQPGAVAM-LWWFSHPVSA-N	InChI=1S/C30H48O6/c1-25(2)9-11-30(24(35)36)12-10-28(5)17(18(30)13-25)7-8-21-26(3)14-20(33)23(34)27(4,16-31)22(26)19(32)15-29(21,28)6/h7,18-23,31-34H,8-16H2,1-6H3,(H,35,36)/t18-,19+,20+,21?,22?,23-,26+,27-,28+,29+,30-/m0/s1		(4aS,6aS,6bR,8R,9R,10R,11R,12aR,14bS)-8,10,11-trihydroxy-9-(hydroxymethyl)-2,2,6a,6b,9,12a-hexamethyl-1,3,4,5,6,6a,7,8,8a,10,11,12,13,14b-tetradecahydropicene-4a-carboxylic acid	CCMSLIB00004703857	GNPS	/Users/nothiasl/git/enpkg_mn/db_spectra/ALL_GNPS.msp	1	503.3375244140625
118	0.7242147825190285	9	71617		-1	negative	ESI-QFT	N/A-ESI-QFT	DB#=CCMSLIB00004704120; origin=GNPS	IFIQVSCCFRXSJV-UFTBQYHPSA-N	InChI=1S/C30H48O6/c1-25(2)11-13-30(24(35)36)14-12-28(5)17(21(30)23(25)34)7-8-20-26(3)15-18(32)22(33)27(4,16-31)19(26)9-10-29(20,28)6/h7,18-23,31-34H,8-16H2,1-6H3,(H,35,36)/t18-,19?,20?,21-,22+,23+,26+,27-,28-,29-,30+/m1/s1		(1S,4aR,6aS,6bR,9S,10R,11R,12aR,14bS)-1,10,11-trihydroxy-9-(hydroxymethyl)-2,2,6a,6b,9,12a-hexamethyl-1,3,4,5,6,6a,7,8,8a,10,11,12,13,14b-tetradecahydropicene-4a-carboxylic acid	CCMSLIB00004704120	GNPS	/Users/nothiasl/git/enpkg_mn/db_spectra/ALL_GNPS.msp	1	503.3375244140625
118	0.9742403712218772	6	74770		-1	negative	ESI-QTOF	N/A-ESI-QTOF	DB#=CCMSLIB00004717558; origin=GNPS	YCOKATFNRPZIIU-WQKMQOEMSA-N	InChI=1S/C30H48O6/c1-17-9-12-30(24(34)35)14-13-27(4)18(22(30)29(17,6)36)7-8-21-25(2)15-19(32)23(33)26(3,16-31)20(25)10-11-28(21,27)5/h7,17,19-23,31-33,36H,8-16H2,1-6H3,(H,34,35)/t17-,19-,20?,21?,22?,23+,25+,26+,27-,28-,29-,30+/m1/s1		(1R,2R,4aS,6aS,6bR,9R,10R,11R,12aR)-1,10,11-trihydroxy-9-(hydroxymethyl)-1,2,6a,6b,9,12a-hexamethyl-2,3,4,5,6,6a,7,8,8a,10,11,12,13,14b-tetradecahydropicene-4a-carboxylic acid	CCMSLIB00004717558	GNPS	/Users/nothiasl/git/enpkg_mn/db_spectra/ALL_GNPS.msp	1	503.3375244140625
118	0.9836016410033864	8	74771		-1	negative	ESI-QTOF	N/A-ESI-QTOF	DB#=CCMSLIB00004717559; origin=GNPS	YCOKATFNRPZIIU-WQKMQOEMSA-N	InChI=1S/C30H48O6/c1-17-9-12-30(24(34)35)14-13-27(4)18(22(30)29(17,6)36)7-8-21-25(2)15-19(32)23(33)26(3,16-31)20(25)10-11-28(21,27)5/h7,17,19-23,31-33,36H,8-16H2,1-6H3,(H,34,35)/t17-,19-,20?,21?,22?,23+,25+,26+,27-,28-,29-,30+/m1/s1		(1R,2R,4aS,6aS,6bR,9R,10R,11R,12aR)-1,10,11-trihydroxy-9-(hydroxymethyl)-1,2,6a,6b,9,12a-hexamethyl-2,3,4,5,6,6a,7,8,8a,10,11,12,13,14b-tetradecahydropicene-4a-carboxylic acid	CCMSLIB00004717559	GNPS	/Users/nothiasl/git/enpkg_mn/db_spectra/ALL_GNPS.msp	1	503.3375244140625
118	0.9696443899687058	5	74937		-1	negative	ESI-QTOF	N/A-ESI-QTOF	DB#=CCMSLIB00004717898; origin=GNPS	IDQVFXZQPGAVAM-LWWFSHPVSA-N	InChI=1S/C30H48O6/c1-25(2)9-11-30(24(35)36)12-10-28(5)17(18(30)13-25)7-8-21-26(3)14-20(33)23(34)27(4,16-31)22(26)19(32)15-29(21,28)6/h7,18-23,31-34H,8-16H2,1-6H3,(H,35,36)/t18-,19+,20+,21?,22?,23-,26+,27-,28+,29+,30-/m0/s1		(4aS,6aS,6bR,8R,9R,10R,11R,12aR,14bS)-8,10,11-trihydroxy-9-(hydroxymethyl)-2,2,6a,6b,9,12a-hexamethyl-1,3,4,5,6,6a,7,8,8a,10,11,12,13,14b-tetradecahydropicene-4a-carboxylic acid	CCMSLIB00004717898	GNPS	/Users/nothiasl/git/enpkg_mn/db_spectra/ALL_GNPS.msp	1	503.3375244140625
118	0.9691134212533457	7	74938		-1	negative	ESI-QTOF	N/A-ESI-QTOF	DB#=CCMSLIB00004717899; origin=GNPS	IDQVFXZQPGAVAM-LWWFSHPVSA-N	InChI=1S/C30H48O6/c1-25(2)9-11-30(24(35)36)12-10-28(5)17(18(30)13-25)7-8-21-26(3)14-20(33)23(34)27(4,16-31)22(26)19(32)15-29(21,28)6/h7,18-23,31-34H,8-16H2,1-6H3,(H,35,36)/t18-,19+,20+,21?,22?,23-,26+,27-,28+,29+,30-/m0/s1		(4aS,6aS,6bR,8R,9R,10R,11R,12aR,14bS)-8,10,11-trihydroxy-9-(hydroxymethyl)-2,2,6a,6b,9,12a-hexamethyl-1,3,4,5,6,6a,7,8,8a,10,11,12,13,14b-tetradecahydropicene-4a-carboxylic acid	CCMSLIB00004717899	GNPS	/Users/nothiasl/git/enpkg_mn/db_spectra/ALL_GNPS.msp	1	503.3375244140625
118	0.9718357772137892	5	74991		-1	negative	ESI-QTOF	N/A-ESI-QTOF	DB#=CCMSLIB00004718011; origin=GNPS	IFIQVSCCFRXSJV-ZIZFEDMCSA-N	InChI=1S/C30H48O6/c1-25(2)11-13-30(24(35)36)14-12-28(5)17(21(30)23(25)34)7-8-20-26(3)15-18(32)22(33)27(4,16-31)19(26)9-10-29(20,28)6/h7,18-23,31-34H,8-16H2,1-6H3,(H,35,36)/t18-,19?,20?,21-,22+,23+,26+,27+,28-,29-,30+/m1/s1		(1S,4aR,6aS,6bR,9R,10R,11R,12aR,14bS)-1,10,11-trihydroxy-9-(hydroxymethyl)-2,2,6a,6b,9,12a-hexamethyl-1,3,4,5,6,6a,7,8,8a,10,11,12,13,14b-tetradecahydropicene-4a-carboxylic acid	CCMSLIB00004718011	GNPS	/Users/nothiasl/git/enpkg_mn/db_spectra/ALL_GNPS.msp	1	503.3375244140625
118	0.9713780780387468	6	74992		-1	negative	ESI-QTOF	N/A-ESI-QTOF	DB#=CCMSLIB00004718013; origin=GNPS	IFIQVSCCFRXSJV-ZIZFEDMCSA-N	InChI=1S/C30H48O6/c1-25(2)11-13-30(24(35)36)14-12-28(5)17(21(30)23(25)34)7-8-20-26(3)15-18(32)22(33)27(4,16-31)19(26)9-10-29(20,28)6/h7,18-23,31-34H,8-16H2,1-6H3,(H,35,36)/t18-,19?,20?,21-,22+,23+,26+,27+,28-,29-,30+/m1/s1		(1S,4aR,6aS,6bR,9R,10R,11R,12aR,14bS)-1,10,11-trihydroxy-9-(hydroxymethyl)-2,2,6a,6b,9,12a-hexamethyl-1,3,4,5,6,6a,7,8,8a,10,11,12,13,14b-tetradecahydropicene-4a-carboxylic acid	CCMSLIB00004718013	GNPS	/Users/nothiasl/git/enpkg_mn/db_spectra/ALL_GNPS.msp	1	503.3375244140625
118	0.9730333965491298	6	75018		-1	negative	ESI-QTOF	N/A-ESI-QTOF	DB#=CCMSLIB00004718068; origin=GNPS	IFIQVSCCFRXSJV-UFTBQYHPSA-N	InChI=1S/C30H48O6/c1-25(2)11-13-30(24(35)36)14-12-28(5)17(21(30)23(25)34)7-8-20-26(3)15-18(32)22(33)27(4,16-31)19(26)9-10-29(20,28)6/h7,18-23,31-34H,8-16H2,1-6H3,(H,35,36)/t18-,19?,20?,21-,22+,23+,26+,27-,28-,29-,30+/m1/s1		(1S,4aR,6aS,6bR,9S,10R,11R,12aR,14bS)-1,10,11-trihydroxy-9-(hydroxymethyl)-2,2,6a,6b,9,12a-hexamethyl-1,3,4,5,6,6a,7,8,8a,10,11,12,13,14b-tetradecahydropicene-4a-carboxylic acid	CCMSLIB00004718068	GNPS	/Users/nothiasl/git/enpkg_mn/db_spectra/ALL_GNPS.msp	1	503.3375244140625
118	0.970807727060113	6	75019		-1	negative	ESI-QTOF	N/A-ESI-QTOF	DB#=CCMSLIB00004718069; origin=GNPS	IFIQVSCCFRXSJV-UFTBQYHPSA-N	InChI=1S/C30H48O6/c1-25(2)11-13-30(24(35)36)14-12-28(5)17(21(30)23(25)34)7-8-20-26(3)15-18(32)22(33)27(4,16-31)19(26)9-10-29(20,28)6/h7,18-23,31-34H,8-16H2,1-6H3,(H,35,36)/t18-,19?,20?,21-,22+,23+,26+,27-,28-,29-,30+/m1/s1		(1S,4aR,6aS,6bR,9S,10R,11R,12aR,14bS)-1,10,11-trihydroxy-9-(hydroxymethyl)-2,2,6a,6b,9,12a-hexamethyl-1,3,4,5,6,6a,7,8,8a,10,11,12,13,14b-tetradecahydropicene-4a-carboxylic acid	CCMSLIB00004718069	GNPS	/Users/nothiasl/git/enpkg_mn/db_spectra/ALL_GNPS.msp	1	503.3375244140625
166	0.7614944116146172	5	80464		-1	negative	impact HD	LC-ESI- impact HD	DB#=CCMSLIB00004683976; origin=GNPS	IDGXIXSKISLYAC-WNTKNEGGSA-N	InChI=1S/C30H46O6/c1-25(2)11-13-30(24(35)36)14-12-27(4)17(18(30)15-25)7-8-20-26(3)16-19(31)22(32)29(6,23(33)34)21(26)9-10-28(20,27)5/h7,18-22,31-32H,8-16H2,1-6H3,(H,33,34)(H,35,36)/t18-,19-,20+,21+,22-,26+,27+,28+,29-,30-/m0/s1	C[C@@]12CC[C@@H]3[C@@]([C@H]1CC=C4[C@]2(CC[C@@]5([C@H]4CC(CC5)(C)C)C(=O)O)C)(C[C@@H]([C@@H]([C@@]3(C)C(=O)O)O)O)C	Medicagenic acid - 40eV	CCMSLIB00004683976	GNPS	/Users/nothiasl/git/enpkg_mn/db_spectra/ALL_GNPS.msp	25	501.3218078613281
29	0.9684708400309784	8	25519		-1	negative	Orbitrap	LC-ESI-Orbitrap	DB#=CCMSLIB00010102463; origin=GNPS	JMSVCTWVEWCHDZ-UHFFFAOYSA-N	InChI=1S/C9H10O5/c1-13-6-3-5(9(11)12)4-7(14-2)8(6)10/h3-4,10H,1-2H3,(H,11,12)	COc1cc(C(=O)O)cc(OC)c1O	SYRINGIC ACID CollisionEnergy:102040	CCMSLIB00010102463	GNPS	/Users/nothiasl/git/enpkg_mn/db_spectra/ALL_GNPS.msp	20	197.04473876953125
29	0.9447023170249014	8	30200		-1	negative	Orbitrap	LC-ESI-Orbitrap	DB#=CCMSLIB00010114461; origin=GNPS	JMSVCTWVEWCHDZ-UHFFFAOYSA-N	InChI=1S/C9H10O5/c1-13-6-3-5(9(11)12)4-7(14-2)8(6)10/h3-4,10H,1-2H3,(H,11,12)	COc1cc(C(=O)O)cc(OC)c1O	SYRINGIC ACID CollisionEnergy:102040	CCMSLIB00010114461	GNPS	/Users/nothiasl/git/enpkg_mn/db_spectra/ALL_GNPS.msp	20	197.04473876953125
29	0.9580016116253016	7	30201		-1	negative	Orbitrap	LC-ESI-Orbitrap	DB#=CCMSLIB00010114463; origin=GNPS	JMSVCTWVEWCHDZ-UHFFFAOYSA-N	InChI=1S/C9H10O5/c1-13-6-3-5(9(11)12)4-7(14-2)8(6)10/h3-4,10H,1-2H3,(H,11,12)	COc1cc(C(=O)O)cc(OC)c1O	SYRINGIC ACID CollisionEnergy:102040	CCMSLIB00010114463	GNPS	/Users/nothiasl/git/enpkg_mn/db_spectra/ALL_GNPS.msp	20	197.04473876953125
29	0.8618788085307468	8	34543		-1	negative	Orbitrap	LC-ESI-Orbitrap	DB#=CCMSLIB00010125791; origin=GNPS	JMSVCTWVEWCHDZ-UHFFFAOYSA-N	InChI=1S/C9H10O5/c1-13-6-3-5(9(11)12)4-7(14-2)8(6)10/h3-4,10H,1-2H3,(H,11,12)	COc1cc(C(=O)O)cc(OC)c1O	SYRINGIC ACID CollisionEnergy:205060	CCMSLIB00010125791	GNPS	/Users/nothiasl/git/enpkg_mn/db_spectra/ALL_GNPS.msp	20	197.04473876953125
29	0.7896894635437774	8	34544		-1	negative	Orbitrap	LC-ESI-Orbitrap	DB#=CCMSLIB00010125793; origin=GNPS	JMSVCTWVEWCHDZ-UHFFFAOYSA-N	InChI=1S/C9H10O5/c1-13-6-3-5(9(11)12)4-7(14-2)8(6)10/h3-4,10H,1-2H3,(H,11,12)	COc1cc(C(=O)O)cc(OC)c1O	SYRINGIC ACID CollisionEnergy:205060	CCMSLIB00010125793	GNPS	/Users/nothiasl/git/enpkg_mn/db_spectra/ALL_GNPS.msp	20	197.04473876953125
29	0.9684708400309784	8	34666		-1	negative	Orbitrap	LC-ESI-Orbitrap	DB#=CCMSLIB00010126078; origin=GNPS	JMSVCTWVEWCHDZ-UHFFFAOYSA-N	InChI=1S/C9H10O5/c1-13-6-3-5(9(11)12)4-7(14-2)8(6)10/h3-4,10H,1-2H3,(H,11,12)	COc1cc(C(=O)O)cc(OC)c1O	SYRINGIC ACID CollisionEnergy:102040	CCMSLIB00010126078	GNPS	/Users/nothiasl/git/enpkg_mn/db_spectra/ALL_GNPS.msp	20	197.04473876953125
29	0.8737118902158046	8	69244		-1	negative	ESI-QFT	N/A-ESI-QFT	DB#=CCMSLIB00004693647; origin=GNPS	CJFQIVAOBBTJCI-UHFFFAOYSA-N	InChI=1S/C9H10O5/c1-13-6-4-3-5(9(11)12)7(10)8(6)14-2/h3-4,10H,1-2H3,(H,11,12)		2-Hydroxy-3,4-Dimethoxybenzoic Acid	CCMSLIB00004693647	GNPS	/Users/nothiasl/git/enpkg_mn/db_spectra/ALL_GNPS.msp	20	197.04473876953125
29	0.9354871676766164	9	69472		-1	negative	ESI-QFT	N/A-ESI-QFT	DB#=CCMSLIB00004694436; origin=GNPS	JMSVCTWVEWCHDZ-UHFFFAOYSA-N	InChI=1S/C9H10O5/c1-13-6-3-5(9(11)12)4-7(14-2)8(6)10/h3-4,10H,1-2H3,(H,11,12)		Syringic Acid	CCMSLIB00004694436	GNPS	/Users/nothiasl/git/enpkg_mn/db_spectra/ALL_GNPS.msp	20	197.04473876953125
29	0.8309785738886498	8	69473		-1	negative	ESI-QFT	N/A-ESI-QFT	DB#=CCMSLIB00004694437; origin=GNPS	JMSVCTWVEWCHDZ-UHFFFAOYSA-N	InChI=1S/C9H10O5/c1-13-6-3-5(9(11)12)4-7(14-2)8(6)10/h3-4,10H,1-2H3,(H,11,12)		Syringic Acid	CCMSLIB00004694437	GNPS	/Users/nothiasl/git/enpkg_mn/db_spectra/ALL_GNPS.msp	20	197.04473876953125
29	0.7912177683631224	8	87782		-1	negative	Orbitrap	ESI-Orbitrap	DB#=CCMSLIB00006126776; origin=GNPS	JMSVCTWVEWCHDZ-UHFFFAOYSA-N		COc1cc(cc(c1O)OC)C(=O)O	DH2090000 - 40.0 eV	CCMSLIB00006126776	GNPS	/Users/nothiasl/git/enpkg_mn/db_spectra/ALL_GNPS.msp	20	197.04473876953125
29	0.7968702888817484	8	87783		-1	negative	Orbitrap	ESI-Orbitrap	DB#=CCMSLIB00006126777; origin=GNPS	JMSVCTWVEWCHDZ-UHFFFAOYSA-N		COc1cc(cc(c1O)OC)C(=O)O	DH2090000 - 40.0 eV	CCMSLIB00006126777	GNPS	/Users/nothiasl/git/enpkg_mn/db_spectra/ALL_GNPS.msp	20	197.04473876953125
29	0.792010410444259	8	87784		-1	negative	Orbitrap	ESI-Orbitrap	DB#=CCMSLIB00006126778; origin=GNPS	JMSVCTWVEWCHDZ-UHFFFAOYSA-N		COc1cc(cc(c1O)OC)C(=O)O	DH2090000 - 40.0 eV	CCMSLIB00006126778	GNPS	/Users/nothiasl/git/enpkg_mn/db_spectra/ALL_GNPS.msp	20	197.04473876953125
29	0.7820505045995884	8	87785		-1	negative	Orbitrap	ESI-Orbitrap	DB#=CCMSLIB00006126779; origin=GNPS	JMSVCTWVEWCHDZ-UHFFFAOYSA-N		COc1cc(cc(c1O)OC)C(=O)O	DH2090000 - 40.0 eV	CCMSLIB00006126779	GNPS	/Users/nothiasl/git/enpkg_mn/db_spectra/ALL_GNPS.msp	20	197.04473876953125
29	0.8070507247607659	8	87786		-1	negative	Orbitrap	ESI-Orbitrap	DB#=CCMSLIB00006126780; origin=GNPS	JMSVCTWVEWCHDZ-UHFFFAOYSA-N		COc1cc(cc(c1O)OC)C(=O)O	DH2090000 - 40.0 eV	CCMSLIB00006126780	GNPS	/Users/nothiasl/git/enpkg_mn/db_spectra/ALL_GNPS.msp	20	197.04473876953125
29	0.8184196918469197	7	87787		-1	negative	Orbitrap	ESI-Orbitrap	DB#=CCMSLIB00006126781; origin=GNPS	JMSVCTWVEWCHDZ-UHFFFAOYSA-N		COc1cc(cc(c1O)OC)C(=O)O	DH2090000 - 30.0 eV	CCMSLIB00006126781	GNPS	/Users/nothiasl/git/enpkg_mn/db_spectra/ALL_GNPS.msp	20	197.04473876953125
29	0.8311384529610111	6	87788		-1	negative	Orbitrap	ESI-Orbitrap	DB#=CCMSLIB00006126782; origin=GNPS	JMSVCTWVEWCHDZ-UHFFFAOYSA-N		COc1cc(cc(c1O)OC)C(=O)O	DH2090000 - 30.0 eV	CCMSLIB00006126782	GNPS	/Users/nothiasl/git/enpkg_mn/db_spectra/ALL_GNPS.msp	20	197.04473876953125
29	0.8257958723750474	7	87789		-1	negative	Orbitrap	ESI-Orbitrap	DB#=CCMSLIB00006126783; origin=GNPS	JMSVCTWVEWCHDZ-UHFFFAOYSA-N		COc1cc(cc(c1O)OC)C(=O)O	DH2090000 - 30.0 eV	CCMSLIB00006126783	GNPS	/Users/nothiasl/git/enpkg_mn/db_spectra/ALL_GNPS.msp	20	197.04473876953125
29	0.8117387363199382	6	87790		-1	negative	Orbitrap	ESI-Orbitrap	DB#=CCMSLIB00006126784; origin=GNPS	JMSVCTWVEWCHDZ-UHFFFAOYSA-N		COc1cc(cc(c1O)OC)C(=O)O	DH2090000 - 30.0 eV	CCMSLIB00006126784	GNPS	/Users/nothiasl/git/enpkg_mn/db_spectra/ALL_GNPS.msp	20	197.04473876953125
29	0.8259422299107997	6	87791		-1	negative	Orbitrap	ESI-Orbitrap	DB#=CCMSLIB00006126785; origin=GNPS	JMSVCTWVEWCHDZ-UHFFFAOYSA-N		COc1cc(cc(c1O)OC)C(=O)O	DH2090000 - 30.0 eV	CCMSLIB00006126785	GNPS	/Users/nothiasl/git/enpkg_mn/db_spectra/ALL_GNPS.msp	20	197.04473876953125
