	msms_score	matched_peaks	feature_id	reference_id	adduct	charge	ionmode	instrument	instrument_type	comment	inchikey	inchi	smiles	compound_name	Spectral_library_ID	Spectral_library
0	0.97016520119879	5	104	43168		-1	negative	qTof	ESI-qTof	DB#=CCMSLIB00005739340; origin=GNPS	MDIUMSLCYIJBQC-UHFFFAOYSA-N	1S/C18H34O5/c1-2-3-7-11-16(20)17(21)14-13-15(19)10-8-5-4-6-9-12-18(22)23/h13-17,19-21H,2-12H2,1H3,(H,22,23)	O=C(O)CCCCCCCC(O)C=CC(O)C(O)CCCCC	FA 18:1+3O	CCMSLIB00005739340	GNPS
1	0.9702982096882768	7	104	43373		-1	negative	qTof	ESI-qTof	DB#=CCMSLIB00005739756; origin=GNPS	MDIUMSLCYIJBQC-UHFFFAOYSA-N	1S/C18H34O5/c1-2-3-7-11-16(20)17(21)14-13-15(19)10-8-5-4-6-9-12-18(22)23/h13-17,19-21H,2-12H2,1H3,(H,22,23)	O=C(O)CCCCCCCC(O)C=CC(O)C(O)CCCCC	FA 18:1+3O	CCMSLIB00005739756	GNPS
2	0.9823019869545341	8	104	44413		-1	negative	qTof	ESI-qTof	DB#=CCMSLIB00005741690; origin=GNPS	MDIUMSLCYIJBQC-UHFFFAOYSA-N	1S/C18H34O5/c1-2-3-7-11-16(20)17(21)14-13-15(19)10-8-5-4-6-9-12-18(22)23/h13-17,19-21H,2-12H2,1H3,(H,22,23)	O=C(O)CCCCCCCC(O)C=CC(O)C(O)CCCCC	FA 18:1+3O	CCMSLIB00005741690	GNPS
3	0.9916868624845524	11	104	45040		-1	negative	qTof	ESI-qTof	DB#=CCMSLIB00005742926; origin=GNPS	MDIUMSLCYIJBQC-UHFFFAOYSA-N	1S/C18H34O5/c1-2-3-7-11-16(20)17(21)14-13-15(19)10-8-5-4-6-9-12-18(22)23/h13-17,19-21H,2-12H2,1H3,(H,22,23)	O=C(O)CCCCCCCC(O)C=CC(O)C(O)CCCCC	FA 18:1+3O	CCMSLIB00005742926	GNPS
4	0.9808617271021131	13	104	47162		-1	negative	qTof	ESI-qTof	DB#=CCMSLIB00005746967; origin=GNPS	MDIUMSLCYIJBQC-UHFFFAOYSA-N	1S/C18H34O5/c1-2-3-7-11-16(20)17(21)14-13-15(19)10-8-5-4-6-9-12-18(22)23/h13-17,19-21H,2-12H2,1H3,(H,22,23)	O=C(O)CCCCCCCC(O)C=CC(O)C(O)CCCCC	FA 18:1+3O	CCMSLIB00005746967	GNPS
5	0.7065917563483454	6	124	5503		-1	negative	Orbitrap	ESI-Orbitrap	DB#=CCMSLIB00005464249; origin=GNPS	YJCJVMMDTBEITC-UHFFFAOYSA-N	InChI=1S/C10H20O3/c11-9-7-5-3-1-2-4-6-8-10(12)13/h11H,1-9H2,(H,12,13)	C(CCCCC(=O)O)CCCCO	10-HYDROXYDECANOATE	CCMSLIB00005464249	GNPS
6	0.8707385215481782	7	154	69181		-1	negative	ESI-QFT	N/A-ESI-QFT	DB#=CCMSLIB00004693401; origin=GNPS	GVRNTWSGBWPJGS-YVKFZJNCSA-N	InChI=1S/C20H30O4/c1-13-4-7-16-19(2,10-8-17(22)20(16,3)12-21)15(13)6-5-14-9-11-24-18(14)23/h9,15-17,21-22H,1,4-8,10-12H2,2-3H3/t15-,16+,17?,19+,20+/m1/s1	N/A	4-[2-[(1R,4aS,5R,8aS)-6-hydroxy-5-(hydroxymethyl)-5,8a-dimethyl-2-methylidene-3,4,4a,6,7,8-hexahydro-1H-naphthalen-1-yl]ethyl]-2H-furan-5-one	CCMSLIB00004693401	GNPS
7	0.8384416133959515	6	154	70357		-1	negative	ESI-QFT	N/A-ESI-QFT	DB#=CCMSLIB00004698774; origin=GNPS	UFEHYRPBLFGEJW-UHFFFAOYSA-N	InChI=1S/C20H30O4/c1-12(2)20(24)9-6-14-13(11-20)15(21)10-16-18(14,3)7-5-8-19(16,4)17(22)23/h11-12,14,16,24H,5-10H2,1-4H3,(H,22,23)	N/A	7-hydroxy-1,4a-dimethyl-9-oxo-7-propan-2-yl-2,3,4,4b,5,6,10,10a-octahydrophenanthrene-1-carboxylic acid	CCMSLIB00004698774	GNPS
8	0.8291945543618376	5	154	70358		-1	negative	ESI-QFT	N/A-ESI-QFT	DB#=CCMSLIB00004698775; origin=GNPS	UFEHYRPBLFGEJW-UHFFFAOYSA-N	InChI=1S/C20H30O4/c1-12(2)20(24)9-6-14-13(11-20)15(21)10-16-18(14,3)7-5-8-19(16,4)17(22)23/h11-12,14,16,24H,5-10H2,1-4H3,(H,22,23)	N/A	7-hydroxy-1,4a-dimethyl-9-oxo-7-propan-2-yl-2,3,4,4b,5,6,10,10a-octahydrophenanthrene-1-carboxylic acid	CCMSLIB00004698775	GNPS
9	0.811044036168175	6	154	73246		-1	negative	ESI-QFT	N/A-ESI-QFT	DB#=CCMSLIB00004710045; origin=GNPS	JSXYBZIRJXMIMK-UHFFFAOYSA-N	InChI=1S/C20H30O4/c1-5-17(2)11-14(21)20(12-17)10-7-13-18(3,15(20)22)8-6-9-19(13,4)16(23)24/h5,13-14,21H,1,6-12H2,2-4H3,(H,23,24)	N/A	4'-ethenyl-2'-hydroxy-1,4',4a-trimethyl-5-oxospiro[2,3,4,7,8,8a-hexahydronaphthalene-6,1'-cyclopentane]-1-carboxylic acid	CCMSLIB00004710045	GNPS
10	0.9569643201659296	6	127	28543		-1	negative	Orbitrap	LC-ESI-Orbitrap	DB#=CCMSLIB00010110571; origin=GNPS	NLDDIKRKFXEWBK-UHFFFAOYSA-N	InChI=1S/C17H26O4/c1-3-4-5-6-14(18)12-15(19)9-7-13-8-10-16(20)17(11-13)21-2/h8,10-11,14,18,20H,3-7,9,12H2,1-2H3/t14-/m0/s1	CCCCCC(O)CC(=O)CCc1ccc(O)c(OC)c1	6-Gingerol CollisionEnergy:102040	CCMSLIB00010110571	GNPS
11	0.9630556080483677	8	127	32890		-1	negative	Orbitrap	LC-ESI-Orbitrap	DB#=CCMSLIB00010121910; origin=GNPS	NLDDIKRKFXEWBK-UHFFFAOYSA-N	InChI=1S/C17H26O4/c1-3-4-5-6-14(18)12-15(19)9-7-13-8-10-16(20)17(11-13)21-2/h8,10-11,14,18,20H,3-7,9,12H2,1-2H3/t14-/m0/s1	CCCCCC(O)CC(=O)CCc1ccc(O)c(OC)c1	6-Gingerol CollisionEnergy:205060	CCMSLIB00010121910	GNPS
12	0.9120620670977135	8	87	27756		-1	negative	Orbitrap	LC-ESI-Orbitrap	DB#=CCMSLIB00010108680; origin=GNPS	OIAVTFGRDNUKCM-UHFFFAOYSA-N	InChI=1S/C12H20O4/c1-10(13)6-2-3-7-11(14)8-4-5-9-12(15)16/h2-9H2,1H3,(H,15,16)	CC(=O)CCCCC(=O)CCCCC(=O)O	"""6,11-dioxododecanoic acid CollisionEnergy:102040"""	CCMSLIB00010108680	GNPS
13	0.7832859378319877	7	87	32104		-1	negative	Orbitrap	LC-ESI-Orbitrap	DB#=CCMSLIB00010120018; origin=GNPS	OIAVTFGRDNUKCM-UHFFFAOYSA-N	InChI=1S/C12H20O4/c1-10(13)6-2-3-7-11(14)8-4-5-9-12(15)16/h2-9H2,1H3,(H,15,16)	CC(=O)CCCCC(=O)CCCCC(=O)O	"""6,11-dioxododecanoic acid CollisionEnergy:205060"""	CCMSLIB00010120018	GNPS
14	0.8875323796058131	8	88	4154		-1	negative	qTof	LC-ESI-qTof	DB#=CCMSLIB00005719010; origin=GNPS	SXFKFRRXJUJGSS-UHFFFAOYSA-N	InChI=1S/C12H16O4/c1-2-3-4-5-8-6-9(13)7-10(14)11(8)12(15)16/h6-7,13-14H,2-5H2,1H3,(H,15,16)	CCCCCc1cc(cc(c1C(=O)O)O)O	Olivetolcarboxylic acid	CCMSLIB00005719010	GNPS
15	0.9871579670845797	7	45	627		-1	negative	Orbitrap	ESI-Orbitrap	DB#=CCMSLIB00005436136; origin=GNPS	TYFQFVWCELRYAO-UHFFFAOYSA-N	InChI=1S/C8H14O4/c9-7(10)5-3-1-2-4-6-8(11)12/h1-6H2,(H,9,10)(H,11,12)	OC(=O)CCCCCCC(O)=O	SUBERATE	CCMSLIB00005436136	GNPS
16	0.9871579670845797	7	45	5349		-1	negative	Orbitrap	ESI-Orbitrap	DB#=CCMSLIB00005463554; origin=GNPS	TYFQFVWCELRYAO-UHFFFAOYSA-N	InChI=1S/C8H14O4/c9-7(10)5-3-1-2-4-6-8(11)12/h1-6H2,(H,9,10)(H,11,12)	OC(=O)CCCCCCC(O)=O	SUBERATE	CCMSLIB00005463554	GNPS
17	0.9322541346320725	7	45	5889		-1	negative	qTof	ESI-qTof	DB#=CCMSLIB00005720842; origin=GNPS	TYFQFVWCELRYAO-UHFFFAOYSA-N	InChI=1S/C8H14O4/c9-7(10)5-3-1-2-4-6-8(11)12/h1-6H2,(H,9,10)(H,11,12)	C(CCCC(=O)O)CCC(=O)O	SUBERIC ACID	CCMSLIB00005720842	GNPS
18	0.9917866778331318	7	45	25632		-1	negative	Orbitrap	LC-ESI-Orbitrap	DB#=CCMSLIB00010102576; origin=GNPS	TYFQFVWCELRYAO-UHFFFAOYSA-N	InChI=1S/C8H14O4/c9-7(10)5-3-1-2-4-6-8(11)12/h1-6H2,(H,9,10)(H,11,12)	O=C(O)CCCCCCC(=O)O	Octanedioic acid CollisionEnergy:102040	CCMSLIB00010102576	GNPS
19	0.9880339346910663	7	45	28055		-1	negative	Orbitrap	LC-ESI-Orbitrap	DB#=CCMSLIB00010109429; origin=GNPS	TYFQFVWCELRYAO-UHFFFAOYSA-N	InChI=1S/C8H14O4/c9-7(10)5-3-1-2-4-6-8(11)12/h1-6H2,(H,9,10)(H,11,12)	O=C(O)CCCCCCC(=O)O	Octanedioic acid CollisionEnergy:102040	CCMSLIB00010109429	GNPS
20	0.9876304369973598	6	45	32403		-1	negative	Orbitrap	LC-ESI-Orbitrap	DB#=CCMSLIB00010120771; origin=GNPS	TYFQFVWCELRYAO-UHFFFAOYSA-N	InChI=1S/C8H14O4/c9-7(10)5-3-1-2-4-6-8(11)12/h1-6H2,(H,9,10)(H,11,12)	O=C(O)CCCCCCC(=O)O	Octanedioic acid CollisionEnergy:205060	CCMSLIB00010120771	GNPS
21	0.9917866778331318	7	45	34779		-1	negative	Orbitrap	LC-ESI-Orbitrap	DB#=CCMSLIB00010126191; origin=GNPS	TYFQFVWCELRYAO-UHFFFAOYSA-N	InChI=1S/C8H14O4/c9-7(10)5-3-1-2-4-6-8(11)12/h1-6H2,(H,9,10)(H,11,12)	O=C(O)CCCCCCC(=O)O	Octanedioic acid CollisionEnergy:102040	CCMSLIB00010126191	GNPS
22	0.7741170157239177	5	45	42848		-1	negative	qTof	ESI-qTof	DB#=CCMSLIB00005738596; origin=GNPS	TYFQFVWCELRYAO-UHFFFAOYSA-N	1S/C8H14O4/c9-7(10)5-3-1-2-4-6-8(11)12/h1-6H2,(H,9,10)(H,11,12)	OC(=O)CCCCCCC(O)=O	Octanedioic acid	CCMSLIB00005738596	GNPS
23	0.8141462467077829	6	45	76609		-1	negative	Orbitrap	ESI-Orbitrap	DB#=CCMSLIB00006678875; origin=GNPS	TYFQFVWCELRYAO-UHFFFAOYSA-N	InChI=1S/C8H14O4/c9-7(10)5-3-1-2-4-6-8(11)12/h1-6H2,(H,9,10)(H,11,12)	C(CCCC(=O)O)CCC(=O)O	SUBERIC ACID	CCMSLIB00006678875	GNPS
24	0.9916729392846373	6	45	76732		-1	negative	Orbitrap	ESI-Orbitrap	DB#=CCMSLIB00006679202; origin=GNPS	TYFQFVWCELRYAO-UHFFFAOYSA-N	InChI=1S/C8H14O4/c9-7(10)5-3-1-2-4-6-8(11)12/h1-6H2,(H,9,10)(H,11,12)	C(CCCC(=O)O)CCC(=O)O	SUBERIC ACID	CCMSLIB00006679202	GNPS
25	0.9918424057967866	6	45	76918		-1	negative	Orbitrap	ESI-Orbitrap	DB#=CCMSLIB00006679718; origin=GNPS	TYFQFVWCELRYAO-UHFFFAOYSA-N	InChI=1S/C8H14O4/c9-7(10)5-3-1-2-4-6-8(11)12/h1-6H2,(H,9,10)(H,11,12)	C(CCCC(=O)O)CCC(=O)O	SUBERIC ACID	CCMSLIB00006679718	GNPS
26	0.7588884622098951	6	45	77416		-1	negative	qTof	ESI-qTof	DB#=CCMSLIB00006680874; origin=GNPS	TYFQFVWCELRYAO-UHFFFAOYSA-N	InChI=1S/C8H14O4/c9-7(10)5-3-1-2-4-6-8(11)12/h1-6H2,(H,9,10)(H,11,12)	C(CCCC(=O)O)CCC(=O)O	SUBERIC ACID	CCMSLIB00006680874	GNPS
27	0.9792744861874115	7	45	77467		-1	negative	qTof	ESI-qTof	DB#=CCMSLIB00006681012; origin=GNPS	TYFQFVWCELRYAO-UHFFFAOYSA-N	InChI=1S/C8H14O4/c9-7(10)5-3-1-2-4-6-8(11)12/h1-6H2,(H,9,10)(H,11,12)	C(CCCC(=O)O)CCC(=O)O	SUBERIC ACID	CCMSLIB00006681012	GNPS
28	0.9306032251239713	5	45	77623		-1	negative	qTof	ESI-qTof	DB#=CCMSLIB00006681414; origin=GNPS	TYFQFVWCELRYAO-UHFFFAOYSA-N	InChI=1S/C8H14O4/c9-7(10)5-3-1-2-4-6-8(11)12/h1-6H2,(H,9,10)(H,11,12)	C(CCCC(=O)O)CCC(=O)O	SUBERIC ACID	CCMSLIB00006681414	GNPS
29	0.8580825746299828	7	45	78673		-1	negative	qTof	ESI-qTof	DB#=CCMSLIB00006683929; origin=GNPS	TYFQFVWCELRYAO-UHFFFAOYSA-N	InChI=1S/C8H14O4/c9-7(10)5-3-1-2-4-6-8(11)12/h1-6H2,(H,9,10)(H,11,12)	C(CCCC(=O)O)CCC(=O)O	SUBERIC ACID	CCMSLIB00006683929	GNPS
30	0.9743428241082762	6	45	81292		-1	negative	Orbitrap	ESI-Orbitrap	DB#=CCMSLIB00006113986; origin=GNPS	TYFQFVWCELRYAO-UHFFFAOYSA-N	N/A	C(CCCC(=O)O)CCC(=O)O	Suberic acid - 40.0 eV	CCMSLIB00006113986	GNPS
31	0.974801956610197	6	45	81293		-1	negative	Orbitrap	ESI-Orbitrap	DB#=CCMSLIB00006113989; origin=GNPS	TYFQFVWCELRYAO-UHFFFAOYSA-N	N/A	C(CCCC(=O)O)CCC(=O)O	Suberic acid - 40.0 eV	CCMSLIB00006113989	GNPS
32	0.9706881254201813	6	45	81294		-1	negative	Orbitrap	ESI-Orbitrap	DB#=CCMSLIB00006113993; origin=GNPS	TYFQFVWCELRYAO-UHFFFAOYSA-N	N/A	C(CCCC(=O)O)CCC(=O)O	Suberic acid - 40.0 eV	CCMSLIB00006113993	GNPS
33	0.9736376597251771	6	45	81295		-1	negative	Orbitrap	ESI-Orbitrap	DB#=CCMSLIB00006113995; origin=GNPS	TYFQFVWCELRYAO-UHFFFAOYSA-N	N/A	C(CCCC(=O)O)CCC(=O)O	Suberic acid - 40.0 eV	CCMSLIB00006113995	GNPS
34	0.9735066349821097	6	45	81296		-1	negative	Orbitrap	ESI-Orbitrap	DB#=CCMSLIB00006113998; origin=GNPS	TYFQFVWCELRYAO-UHFFFAOYSA-N	N/A	C(CCCC(=O)O)CCC(=O)O	Suberic acid - 40.0 eV	CCMSLIB00006113998	GNPS
35	0.9134980179610501	6	45	81297		-1	negative	Orbitrap	ESI-Orbitrap	DB#=CCMSLIB00006114001; origin=GNPS	TYFQFVWCELRYAO-UHFFFAOYSA-N	N/A	C(CCCC(=O)O)CCC(=O)O	Suberic acid - 30.0 eV	CCMSLIB00006114001	GNPS
36	0.8892284469906646	5	45	81298		-1	negative	Orbitrap	ESI-Orbitrap	DB#=CCMSLIB00006114004; origin=GNPS	TYFQFVWCELRYAO-UHFFFAOYSA-N	N/A	C(CCCC(=O)O)CCC(=O)O	Suberic acid - 30.0 eV	CCMSLIB00006114004	GNPS
37	0.9908942299383062	6	45	81301		-1	negative	Orbitrap	ESI-Orbitrap	DB#=CCMSLIB00006114012; origin=GNPS	TYFQFVWCELRYAO-UHFFFAOYSA-N	N/A	C(CCCC(=O)O)CCC(=O)O	Suberic acid - 40.0 eV	CCMSLIB00006114012	GNPS
38	0.9908629080027996	6	45	81302		-1	negative	Orbitrap	ESI-Orbitrap	DB#=CCMSLIB00006114015; origin=GNPS	TYFQFVWCELRYAO-UHFFFAOYSA-N	N/A	C(CCCC(=O)O)CCC(=O)O	Suberic acid - 40.0 eV	CCMSLIB00006114015	GNPS
39	0.9908673806678929	6	45	81303		-1	negative	Orbitrap	ESI-Orbitrap	DB#=CCMSLIB00006114018; origin=GNPS	TYFQFVWCELRYAO-UHFFFAOYSA-N	N/A	C(CCCC(=O)O)CCC(=O)O	Suberic acid - 40.0 eV	CCMSLIB00006114018	GNPS
40	0.990616260858855	6	45	81304		-1	negative	Orbitrap	ESI-Orbitrap	DB#=CCMSLIB00006114020; origin=GNPS	TYFQFVWCELRYAO-UHFFFAOYSA-N	N/A	C(CCCC(=O)O)CCC(=O)O	Suberic acid - 40.0 eV	CCMSLIB00006114020	GNPS
41	0.9899629744576444	6	45	81305		-1	negative	Orbitrap	ESI-Orbitrap	DB#=CCMSLIB00006114023; origin=GNPS	TYFQFVWCELRYAO-UHFFFAOYSA-N	N/A	C(CCCC(=O)O)CCC(=O)O	Suberic acid - 40.0 eV	CCMSLIB00006114023	GNPS
42	0.8926159043625597	5	45	81306		-1	negative	Orbitrap	ESI-Orbitrap	DB#=CCMSLIB00006114026; origin=GNPS	TYFQFVWCELRYAO-UHFFFAOYSA-N	N/A	C(CCCC(=O)O)CCC(=O)O	Suberic acid - 30.0 eV	CCMSLIB00006114026	GNPS
43	0.8920677287162176	5	45	81307		-1	negative	Orbitrap	ESI-Orbitrap	DB#=CCMSLIB00006114029; origin=GNPS	TYFQFVWCELRYAO-UHFFFAOYSA-N	N/A	C(CCCC(=O)O)CCC(=O)O	Suberic acid - 30.0 eV	CCMSLIB00006114029	GNPS
44	0.975590514624004	5	45	87128		-1	negative	Orbitrap	ESI-Orbitrap	DB#=CCMSLIB00006126117; origin=GNPS	DKMROQRQHGEIOW-UHFFFAOYSA-N	N/A	CCOC(=O)CCC(=O)OCC	2377 - 40.0 eV	CCMSLIB00006126117	GNPS
45	0.7646162385729687	7	51	819		-1	negative	qTof	LC-ESI-qTof	DB#=CCMSLIB00005467928; origin=GNPS				Ferulic acid	CCMSLIB00005467928	GNPS
46	0.6771345464602481	8	51	822		-1	negative	qTof	LC-ESI-qTof	DB#=CCMSLIB00005467931; origin=GNPS				Iso Ferulic acid	CCMSLIB00005467931	GNPS
47	0.7323857065025177	8	51	1208		-1	negative	qTof	LC-ESI-qTof	DB#=CCMSLIB00005787975; origin=GNPS	KSEBMYQBYZTDHS-UHFFFAOYSA-N		COC1=C(C=CC(=C1)C=CC(=O)O)O	Ferulic acid	CCMSLIB00005787975	GNPS
48	0.7532413545616399	7	51	1216		-1	negative	qTof	LC-ESI-qTof	DB#=CCMSLIB00005787984; origin=GNPS	YOVKRULUNJAFON-UHFFFAOYSA-N		COC(=C(C1=CC=CC=C1)O)C(=O)O	hydroxy-methoxy cinnamic acid	CCMSLIB00005787984	GNPS
49	0.7163520823483993	7	51	1570		-1	negative	qTof	LC-ESI-qTof	DB#=CCMSLIB00010011970; origin=GNPS	KSEBMYQBYZTDHS-HWKANZROSA-N	1S/C10H10O4/c1-14-9-6-7(2-4-8(9)11)3-5-10(12)13/h2-6,11H,1H3,(H,12,13)/b5-3+	COC1=C(C=CC(=C1)/C=C/C(=O)O)O	Ferulic acid	CCMSLIB00010011970	GNPS
50	0.8628523359370165	9	51	3858		-1	negative	Q-Exactive Plus	LC-ESI-Q-Exactive Plus	DB#=CCMSLIB00000578314; origin=GNPS	KSEBMYQBYZTDHS-UHFFFAOYSA-N	N/A	COC1=C(C=CC(=C1)C=CC(=O)O)O	FERULATE	CCMSLIB00000578314	GNPS
51	0.8615134176644824	10	51	5525		-1	negative	Orbitrap	ESI-Orbitrap	DB#=CCMSLIB00005464302; origin=GNPS	KSEBMYQBYZTDHS-HWKANZROSA-N	InChI=1S/C10H10O4/c1-14-9-6-7(2-4-8(9)11)3-5-10(12)13/h2-6,11H,1H3,(H,12,13)/b5-3+	COC1=C(O)C=CC(\C=C\C(O)=O)=C1	FERULATE	CCMSLIB00005464302	GNPS
52	0.7041500774362912	6	51	23497		-1	negative	Orbitrap	ESI-Orbitrap	DB#=CCMSLIB00006676323; origin=GNPS	KSEBMYQBYZTDHS-HWKANZROSA-N	InChI=1S/C10H10O4/c1-14-9-6-7(2-4-8(9)11)3-5-10(12)13/h2-6,11H,1H3,(H,12,13)/b5-3+	COC1=C(C=CC(=C1)C=CC(=O)O)O	4_Hydroxy_3MethoxyCinnamicAcid_Ferulic	CCMSLIB00006676323	GNPS
53	0.7151702749892197	5	51	23499		-1	negative	Orbitrap	ESI-Orbitrap	DB#=CCMSLIB00006676325; origin=GNPS	KSEBMYQBYZTDHS-HWKANZROSA-N	InChI=1S/C10H10O4/c1-14-9-6-7(2-4-8(9)11)3-5-10(12)13/h2-6,11H,1H3,(H,12,13)/b5-3+	COC1=C(C=CC(=C1)C=CC(=O)O)O	4_Hydroxy_3MethoxyCinnamicAcid_Ferulic	CCMSLIB00006676325	GNPS
54	0.7222528729304744	8	51	23503		-1	negative	Orbitrap	ESI-Orbitrap	DB#=CCMSLIB00006676329; origin=GNPS	KSEBMYQBYZTDHS-HWKANZROSA-N	InChI=1S/C10H10O4/c1-14-9-6-7(2-4-8(9)11)3-5-10(12)13/h2-6,11H,1H3,(H,12,13)/b5-3+	COC1=C(C=CC(=C1)C=CC(=O)O)O	4_Hydroxy_3MethoxyCinnamicAcid_Ferulic	CCMSLIB00006676329	GNPS
55	0.7218340562155516	6	51	23505		-1	negative	Orbitrap	ESI-Orbitrap	DB#=CCMSLIB00006676331; origin=GNPS	KSEBMYQBYZTDHS-HWKANZROSA-N	InChI=1S/C10H10O4/c1-14-9-6-7(2-4-8(9)11)3-5-10(12)13/h2-6,11H,1H3,(H,12,13)/b5-3+	COC1=C(C=CC(=C1)C=CC(=O)O)O	4_Hydroxy_3MethoxyCinnamicAcid_Ferulic	CCMSLIB00006676331	GNPS
56	0.7163229082351765	6	51	23507		-1	negative	Orbitrap	ESI-Orbitrap	DB#=CCMSLIB00006676333; origin=GNPS	KSEBMYQBYZTDHS-HWKANZROSA-N	InChI=1S/C10H10O4/c1-14-9-6-7(2-4-8(9)11)3-5-10(12)13/h2-6,11H,1H3,(H,12,13)/b5-3+	COC1=C(C=CC(=C1)C=CC(=O)O)O	4_Hydroxy_3MethoxyCinnamicAcid_Ferulic	CCMSLIB00006676333	GNPS
57	0.6909061694779385	6	51	24357		-1	negative	Orbitrap	ESI-Orbitrap	DB#=CCMSLIB00006677194; origin=GNPS	KSEBMYQBYZTDHS-HWKANZROSA-N	InChI=1S/C10H10O4/c1-14-9-6-7(2-4-8(9)11)3-5-10(12)13/h2-6,11H,1H3,(H,12,13)/b5-3+	COC1=C(C=CC(=C1)C=CC(=O)O)O	TransFerulicAcid	CCMSLIB00006677194	GNPS
58	0.6937641464602916	5	51	24359		-1	negative	Orbitrap	ESI-Orbitrap	DB#=CCMSLIB00006677196; origin=GNPS	KSEBMYQBYZTDHS-HWKANZROSA-N	InChI=1S/C10H10O4/c1-14-9-6-7(2-4-8(9)11)3-5-10(12)13/h2-6,11H,1H3,(H,12,13)/b5-3+	COC1=C(C=CC(=C1)C=CC(=O)O)O	TransFerulicAcid	CCMSLIB00006677196	GNPS
59	0.8477088407559222	7	51	28836		-1	negative	Orbitrap	LC-ESI-Orbitrap	DB#=CCMSLIB00010111252; origin=GNPS	QURCVMIEKCOAJU-UHFFFAOYSA-N	InChI=1S/C10H10O4/c1-14-9-4-2-7(6-8(9)11)3-5-10(12)13/h2-6,11H,1H3,(H,12,13)/b5-3+	COc1ccc(C=CC(=O)O)cc1O	Isoferulic acid CollisionEnergy:102040	CCMSLIB00010111252	GNPS
60	0.8606557948472069	7	51	28982		-1	negative	Orbitrap	LC-ESI-Orbitrap	DB#=CCMSLIB00010111581; origin=GNPS	KSEBMYQBYZTDHS-UHFFFAOYSA-N	InChI=1S/C10H10O4/c1-14-9-6-7(2-4-8(9)11)3-5-10(12)13/h2-6,11H,1H3,(H,12,13)/b5-3+	COc1cc(C=CC(=O)O)ccc1O	ferulic acid CollisionEnergy:102040	CCMSLIB00010111581	GNPS
61	0.8764267910530749	8	51	28983		-1	negative	Orbitrap	LC-ESI-Orbitrap	DB#=CCMSLIB00010111585; origin=GNPS	KSEBMYQBYZTDHS-UHFFFAOYSA-N	InChI=1S/C10H10O4/c1-14-9-6-7(2-4-8(9)11)3-5-10(12)13/h2-6,11H,1H3,(H,12,13)/b5-3+	COc1cc(C=CC(=O)O)ccc1O	ferulic acid CollisionEnergy:102040	CCMSLIB00010111585	GNPS
62	0.8726198227814645	8	51	28984		-1	negative	Orbitrap	LC-ESI-Orbitrap	DB#=CCMSLIB00010111586; origin=GNPS	KSEBMYQBYZTDHS-UHFFFAOYSA-N	InChI=1S/C10H10O4/c1-14-9-6-7(2-4-8(9)11)3-5-10(12)13/h2-6,11H,1H3,(H,12,13)/b5-3+	COc1cc(C=CC(=O)O)ccc1O	ferulic acid CollisionEnergy:102040	CCMSLIB00010111586	GNPS
63	0.881978797703399	8	51	28985		-1	negative	Orbitrap	LC-ESI-Orbitrap	DB#=CCMSLIB00010111587; origin=GNPS	KSEBMYQBYZTDHS-UHFFFAOYSA-N	InChI=1S/C10H10O4/c1-14-9-6-7(2-4-8(9)11)3-5-10(12)13/h2-6,11H,1H3,(H,12,13)/b5-3+	COc1cc(C=CC(=O)O)ccc1O	ferulic acid CollisionEnergy:102040	CCMSLIB00010111587	GNPS
64	0.8613365400456909	8	51	28986		-1	negative	Orbitrap	LC-ESI-Orbitrap	DB#=CCMSLIB00010111589; origin=GNPS	KSEBMYQBYZTDHS-UHFFFAOYSA-N	InChI=1S/C10H10O4/c1-14-9-6-7(2-4-8(9)11)3-5-10(12)13/h2-6,11H,1H3,(H,12,13)/b5-3+	COc1cc(C=CC(=O)O)ccc1O	ferulic acid CollisionEnergy:102040	CCMSLIB00010111589	GNPS
65	0.785982396404844	9	51	33182		-1	negative	Orbitrap	LC-ESI-Orbitrap	DB#=CCMSLIB00010122587; origin=GNPS	QURCVMIEKCOAJU-UHFFFAOYSA-N	InChI=1S/C10H10O4/c1-14-9-4-2-7(6-8(9)11)3-5-10(12)13/h2-6,11H,1H3,(H,12,13)/b5-3+	COc1ccc(C=CC(=O)O)cc1O	Isoferulic acid CollisionEnergy:205060	CCMSLIB00010122587	GNPS
66	0.8592864751439405	7	51	33327		-1	negative	Orbitrap	LC-ESI-Orbitrap	DB#=CCMSLIB00010122916; origin=GNPS	KSEBMYQBYZTDHS-UHFFFAOYSA-N	InChI=1S/C10H10O4/c1-14-9-6-7(2-4-8(9)11)3-5-10(12)13/h2-6,11H,1H3,(H,12,13)/b5-3+	COc1cc(C=CC(=O)O)ccc1O	ferulic acid CollisionEnergy:205060	CCMSLIB00010122916	GNPS
67	0.8507359793867165	8	51	33328		-1	negative	Orbitrap	LC-ESI-Orbitrap	DB#=CCMSLIB00010122920; origin=GNPS	KSEBMYQBYZTDHS-UHFFFAOYSA-N	InChI=1S/C10H10O4/c1-14-9-6-7(2-4-8(9)11)3-5-10(12)13/h2-6,11H,1H3,(H,12,13)/b5-3+	COc1cc(C=CC(=O)O)ccc1O	ferulic acid CollisionEnergy:205060	CCMSLIB00010122920	GNPS
68	0.8512136860355999	8	51	33329		-1	negative	Orbitrap	LC-ESI-Orbitrap	DB#=CCMSLIB00010122921; origin=GNPS	KSEBMYQBYZTDHS-UHFFFAOYSA-N	InChI=1S/C10H10O4/c1-14-9-6-7(2-4-8(9)11)3-5-10(12)13/h2-6,11H,1H3,(H,12,13)/b5-3+	COc1cc(C=CC(=O)O)ccc1O	ferulic acid CollisionEnergy:205060	CCMSLIB00010122921	GNPS
69	0.8503765257501269	8	51	33330		-1	negative	Orbitrap	LC-ESI-Orbitrap	DB#=CCMSLIB00010122922; origin=GNPS	KSEBMYQBYZTDHS-UHFFFAOYSA-N	InChI=1S/C10H10O4/c1-14-9-6-7(2-4-8(9)11)3-5-10(12)13/h2-6,11H,1H3,(H,12,13)/b5-3+	COc1cc(C=CC(=O)O)ccc1O	ferulic acid CollisionEnergy:205060	CCMSLIB00010122922	GNPS
70	0.8613927712027272	8	51	33331		-1	negative	Orbitrap	LC-ESI-Orbitrap	DB#=CCMSLIB00010122924; origin=GNPS	KSEBMYQBYZTDHS-UHFFFAOYSA-N	InChI=1S/C10H10O4/c1-14-9-6-7(2-4-8(9)11)3-5-10(12)13/h2-6,11H,1H3,(H,12,13)/b5-3+	COc1cc(C=CC(=O)O)ccc1O	ferulic acid CollisionEnergy:205060	CCMSLIB00010122924	GNPS
71	0.8195703702303904	6	51	43464		-1	negative	qTof	ESI-qTof	DB#=CCMSLIB00005739928; origin=GNPS	KSEBMYQBYZTDHS-UHFFFAOYSA-N	1S/C10H10O4/c1-14-9-6-7(2-4-8(9)11)3-5-10(12)13/h2-6,11H,1H3,(H,12,13)	COC1=C(O)C=CC(C=CC(O)=O)=C1	trans-Ferulic acid	CCMSLIB00005739928	GNPS
72	0.832813332457315	5	51	44147		-1	negative	qTof	ESI-qTof	DB#=CCMSLIB00005741169; origin=GNPS	KSEBMYQBYZTDHS-UHFFFAOYSA-N	1S/C10H10O4/c1-14-9-6-7(2-4-8(9)11)3-5-10(12)13/h2-6,11H,1H3,(H,12,13)	COC1=C(O)C=CC(C=CC(O)=O)=C1	trans-Ferulic acid	CCMSLIB00005741169	GNPS
73	0.8194917464682169	5	51	44803		-1	negative	qTof	ESI-qTof	DB#=CCMSLIB00005742443; origin=GNPS	KSEBMYQBYZTDHS-UHFFFAOYSA-N	1S/C10H10O4/c1-14-9-6-7(2-4-8(9)11)3-5-10(12)13/h2-6,11H,1H3,(H,12,13)	COC1=C(O)C=CC(C=CC(O)=O)=C1	trans-Ferulic acid	CCMSLIB00005742443	GNPS
74	0.8299878609568297	6	51	44913		-1	negative	qTof	ESI-qTof	DB#=CCMSLIB00005742668; origin=GNPS	KSEBMYQBYZTDHS-UHFFFAOYSA-N	1S/C10H10O4/c1-14-9-6-7(2-4-8(9)11)3-5-10(12)13/h2-6,11H,1H3,(H,12,13)	COC1=C(O)C=CC(C=CC(O)=O)=C1	trans-Ferulic acid	CCMSLIB00005742668	GNPS
75	0.8157878737621246	6	51	45725		-1	negative	qTof	ESI-qTof	DB#=CCMSLIB00005744227; origin=GNPS	KSEBMYQBYZTDHS-UHFFFAOYSA-N	1S/C10H10O4/c1-14-9-6-7(2-4-8(9)11)3-5-10(12)13/h2-6,11H,1H3,(H,12,13)	COC1=C(O)C=CC(C=CC(O)=O)=C1	trans-Ferulic acid	CCMSLIB00005744227	GNPS
76	0.8211925082512529	6	51	46958		-1	negative	qTof	ESI-qTof	DB#=CCMSLIB00005746567; origin=GNPS	KSEBMYQBYZTDHS-UHFFFAOYSA-N	1S/C10H10O4/c1-14-9-6-7(2-4-8(9)11)3-5-10(12)13/h2-6,11H,1H3,(H,12,13)	COC1=C(O)C=CC(C=CC(O)=O)=C1	trans-Ferulic acid	CCMSLIB00005746567	GNPS
77	0.8156950029931229	6	51	47191		-1	negative	qTof	ESI-qTof	DB#=CCMSLIB00005747023; origin=GNPS	KSEBMYQBYZTDHS-UHFFFAOYSA-N	1S/C10H10O4/c1-14-9-6-7(2-4-8(9)11)3-5-10(12)13/h2-6,11H,1H3,(H,12,13)	O=C(O)C=CC=1C=CC(O)=C(OC)C=1	trans-Ferulic acid	CCMSLIB00005747023	GNPS
78	0.8168049511464117	8	51	69688		-1	negative	ESI-QFT	N/A-ESI-QFT	DB#=CCMSLIB00004695450; origin=GNPS	QURCVMIEKCOAJU-HWKANZROSA-N	InChI=1S/C10H10O4/c1-14-9-4-2-7(6-8(9)11)3-5-10(12)13/h2-6,11H,1H3,(H,12,13)/b5-3+	N/A	isoferulic acid	CCMSLIB00004695450	GNPS
79	0.7491954922428921	9	51	69689		-1	negative	ESI-QFT	N/A-ESI-QFT	DB#=CCMSLIB00004695451; origin=GNPS	QURCVMIEKCOAJU-HWKANZROSA-N	InChI=1S/C10H10O4/c1-14-9-4-2-7(6-8(9)11)3-5-10(12)13/h2-6,11H,1H3,(H,12,13)/b5-3+	N/A	isoferulic acid	CCMSLIB00004695451	GNPS
80	0.6684640081932084	6	51	69690		-1	negative	ESI-QFT	N/A-ESI-QFT	DB#=CCMSLIB00004695452; origin=GNPS	QURCVMIEKCOAJU-HWKANZROSA-N	InChI=1S/C10H10O4/c1-14-9-4-2-7(6-8(9)11)3-5-10(12)13/h2-6,11H,1H3,(H,12,13)/b5-3+	N/A	isoferulic acid	CCMSLIB00004695452	GNPS
81	0.8559451563546046	8	51	71074		-1	negative	ESI-QFT	N/A-ESI-QFT	DB#=CCMSLIB00004702341; origin=GNPS	KSEBMYQBYZTDHS-HWKANZROSA-N	InChI=1S/C10H10O4/c1-14-9-6-7(2-4-8(9)11)3-5-10(12)13/h2-6,11H,1H3,(H,12,13)/b5-3+	N/A	Ferulic Acid	CCMSLIB00004702341	GNPS
82	0.7831253459691245	9	51	71075		-1	negative	ESI-QFT	N/A-ESI-QFT	DB#=CCMSLIB00004702342; origin=GNPS	KSEBMYQBYZTDHS-HWKANZROSA-N	InChI=1S/C10H10O4/c1-14-9-6-7(2-4-8(9)11)3-5-10(12)13/h2-6,11H,1H3,(H,12,13)/b5-3+	N/A	Ferulic Acid	CCMSLIB00004702342	GNPS
83	0.6763736872675324	7	51	71076		-1	negative	ESI-QFT	N/A-ESI-QFT	DB#=CCMSLIB00004702343; origin=GNPS	KSEBMYQBYZTDHS-HWKANZROSA-N	InChI=1S/C10H10O4/c1-14-9-6-7(2-4-8(9)11)3-5-10(12)13/h2-6,11H,1H3,(H,12,13)/b5-3+	N/A	Ferulic Acid	CCMSLIB00004702343	GNPS
84	0.8220805193677166	6	51	75735		-1	negative	ESI-QTOF	N/A-ESI-QTOF	DB#=CCMSLIB00004719653; origin=GNPS	ONBYESPXKZNTDN-UIMBXVEGSA-N	InChI=1S/C10H10O4/c1149427(68(9)11)3510(12)13/h26,11H,1H3,(H,12,13)/b53+	N/A	isoferulic acid	CCMSLIB00004719653	GNPS
85	0.7498006074535434	5	51	76498		-1	negative	Orbitrap	ESI-Orbitrap	DB#=CCMSLIB00006678627; origin=GNPS	KSEBMYQBYZTDHS-HWKANZROSA-N	InChI=1S/C10H10O4/c1-14-9-6-7(2-4-8(9)11)3-5-10(12)13/h2-6,11H,1H3,(H,12,13)/b5-3+	COC1=CC(=CC=C1O)/C=C/C(=O)O	FERULIC ACID	CCMSLIB00006678627	GNPS
86	0.7498006074535434	5	51	76627		-1	negative	Orbitrap	ESI-Orbitrap	DB#=CCMSLIB00006678945; origin=GNPS	KSEBMYQBYZTDHS-HWKANZROSA-N	InChI=1S/C10H10O4/c1-14-9-6-7(2-4-8(9)11)3-5-10(12)13/h2-6,11H,1H3,(H,12,13)/b5-3+	COC1=CC(=CC=C1O)/C=C/C(=O)O	FERULIC ACID	CCMSLIB00006678945	GNPS
87	0.7477259217910255	5	51	76710		-1	negative	Orbitrap	ESI-Orbitrap	DB#=CCMSLIB00006679162; origin=GNPS	KSEBMYQBYZTDHS-HWKANZROSA-N	InChI=1S/C10H10O4/c1-14-9-6-7(2-4-8(9)11)3-5-10(12)13/h2-6,11H,1H3,(H,12,13)/b5-3+	COC1=CC(=CC=C1O)/C=C/C(=O)O	FERULIC ACID	CCMSLIB00006679162	GNPS
88	0.7477259217910255	5	51	76790		-1	negative	Orbitrap	ESI-Orbitrap	DB#=CCMSLIB00006679356; origin=GNPS	KSEBMYQBYZTDHS-HWKANZROSA-N	InChI=1S/C10H10O4/c1-14-9-6-7(2-4-8(9)11)3-5-10(12)13/h2-6,11H,1H3,(H,12,13)/b5-3+	COC1=CC(=CC=C1O)/C=C/C(=O)O	FERULIC ACID	CCMSLIB00006679356	GNPS
89	0.7237072138488048	6	51	80592		-1	negative	impact HD	LC-ESI- impact HD	DB#=CCMSLIB00004684104; origin=GNPS	QURCVMIEKCOAJU-HWKANZROSA-N	InChI=1S/C10H10O4/c1-14-9-4-2-7(6-8(9)11)3-5-10(12)13/h2-6,11H,1H3,(H,12,13)/b5-3+	COc1ccc(cc1O)/C=C/C(=O)O	3-Hydroxy-4-methoxycinnamic acid (isoferulic acid) - 10eV	CCMSLIB00004684104	GNPS
90	0.8458465187309328	6	51	83588		-1	negative	Orbitrap	ESI-Orbitrap	DB#=CCMSLIB00006119625; origin=GNPS	KSEBMYQBYZTDHS-HWKANZROSA-N	N/A	COc1cc(ccc1O)/C=C/C(=O)O	(E)-Ferulic acid - 40.0 eV	CCMSLIB00006119625	GNPS
91	0.8465402144995597	6	51	83589		-1	negative	Orbitrap	ESI-Orbitrap	DB#=CCMSLIB00006119627; origin=GNPS	KSEBMYQBYZTDHS-HWKANZROSA-N	N/A	COc1cc(ccc1O)/C=C/C(=O)O	(E)-Ferulic acid - 40.0 eV	CCMSLIB00006119627	GNPS
92	0.8428573510966133	6	51	83590		-1	negative	Orbitrap	ESI-Orbitrap	DB#=CCMSLIB00006119629; origin=GNPS	KSEBMYQBYZTDHS-HWKANZROSA-N	N/A	COc1cc(ccc1O)/C=C/C(=O)O	(E)-Ferulic acid - 40.0 eV	CCMSLIB00006119629	GNPS
93	0.8504157736265041	9	51	83591		-1	negative	Orbitrap	ESI-Orbitrap	DB#=CCMSLIB00006119632; origin=GNPS	KSEBMYQBYZTDHS-HWKANZROSA-N	N/A	COc1cc(ccc1O)/C=C/C(=O)O	(E)-Ferulic acid - 40.0 eV	CCMSLIB00006119632	GNPS
94	0.8458533609848602	7	51	83592		-1	negative	Orbitrap	ESI-Orbitrap	DB#=CCMSLIB00006119634; origin=GNPS	KSEBMYQBYZTDHS-HWKANZROSA-N	N/A	COc1cc(ccc1O)/C=C/C(=O)O	(E)-Ferulic acid - 40.0 eV	CCMSLIB00006119634	GNPS
95	0.931200181287396	8	26	4049		-1	negative	qTof	LC-ESI-qTof	DB#=CCMSLIB00005718905; origin=GNPS	ODNMTIVRLHXQTE-UHFFFAOYSA-N	InChI=1S/C12H12O4/c1-5-4-8(13)9-11(15)6(2)10(14)7(3)12(9)16-5/h4,14-15H,1-3H3	O=c1cc(C)oc2c1c(O)c(C)c(O)c2C	"""5,7-Dihydroxy-2,6,8-trimethylchromone"""	CCMSLIB00005718905	GNPS
96	0.990807955107237	5	65	650		-1	negative	Orbitrap	ESI-Orbitrap	DB#=CCMSLIB00005436185; origin=GNPS	BDJRBEYXGGNYIS-UHFFFAOYSA-N	InChI=1S/C9H16O4/c10-8(11)6-4-2-1-3-5-7-9(12)13/h1-7H2,(H,10,11)(H,12,13)	OC(=O)CCCCCCCC(O)=O	AZELATE	CCMSLIB00005436185	GNPS
97	0.9963382899035234	5	65	3888		-1	negative	Q-Exactive Plus	LC-ESI-Q-Exactive Plus	DB#=CCMSLIB00000578346; origin=GNPS	BDJRBEYXGGNYIS-UHFFFAOYSA-N	N/A	C(CCCC(=O)O)CCCC(=O)O	AZELAIC ACID	CCMSLIB00000578346	GNPS
98	0.990807955107237	5	65	5390		-1	negative	Orbitrap	ESI-Orbitrap	DB#=CCMSLIB00005463658; origin=GNPS	BDJRBEYXGGNYIS-UHFFFAOYSA-N	InChI=1S/C9H16O4/c10-8(11)6-4-2-1-3-5-7-9(12)13/h1-7H2,(H,10,11)(H,12,13)	OC(=O)CCCCCCCC(O)=O	AZELATE	CCMSLIB00005463658	GNPS
99	0.8921212175797689	5	65	24738		-1	negative	Orbitrap	ESI-Orbitrap	DB#=CCMSLIB00006677575; origin=GNPS	BDJRBEYXGGNYIS-UHFFFAOYSA-N	InChI=1S/C9H16O4/c10-8(11)6-4-2-1-3-5-7-9(12)13/h1-7H2,(H,10,11)(H,12,13)	C(CCCC(=O)O)CCCC(=O)O	azelaic_acid	CCMSLIB00006677575	GNPS
100	0.9274256382690835	5	65	24741		-1	negative	Orbitrap	ESI-Orbitrap	DB#=CCMSLIB00006677578; origin=GNPS	BDJRBEYXGGNYIS-UHFFFAOYSA-N	InChI=1S/C9H16O4/c10-8(11)6-4-2-1-3-5-7-9(12)13/h1-7H2,(H,10,11)(H,12,13)	C(CCCC(=O)O)CCCC(=O)O	azelaic_acid	CCMSLIB00006677578	GNPS
101	0.9966201382659639	5	65	25919		-1	negative	Orbitrap	LC-ESI-Orbitrap	DB#=CCMSLIB00010102863; origin=GNPS	BDJRBEYXGGNYIS-UHFFFAOYSA-N	InChI=1S/C9H16O4/c10-8(11)6-4-2-1-3-5-7-9(12)13/h1-7H2,(H,10,11)(H,12,13)	O=C(O)CCCCCCCC(=O)O	azelaic acid CollisionEnergy:102040	CCMSLIB00010102863	GNPS
102	0.9820803864472676	5	65	27179		-1	negative	Orbitrap	LC-ESI-Orbitrap	DB#=CCMSLIB00010107221; origin=GNPS	BDJRBEYXGGNYIS-UHFFFAOYSA-N	InChI=1S/C9H16O4/c10-8(11)6-4-2-1-3-5-7-9(12)13/h1-7H2,(H,10,11)(H,12,13)	O=C(O)CCCCCCCC(=O)O	azelaic acid CollisionEnergy:102040	CCMSLIB00010107221	GNPS
103	0.9944005318821222	5	65	31533		-1	negative	Orbitrap	LC-ESI-Orbitrap	DB#=CCMSLIB00010118558; origin=GNPS	BDJRBEYXGGNYIS-UHFFFAOYSA-N	InChI=1S/C9H16O4/c10-8(11)6-4-2-1-3-5-7-9(12)13/h1-7H2,(H,10,11)(H,12,13)	O=C(O)CCCCCCCC(=O)O	azelaic acid CollisionEnergy:205060	CCMSLIB00010118558	GNPS
104	0.9966201382659639	5	65	35066		-1	negative	Orbitrap	LC-ESI-Orbitrap	DB#=CCMSLIB00010126478; origin=GNPS	BDJRBEYXGGNYIS-UHFFFAOYSA-N	InChI=1S/C9H16O4/c10-8(11)6-4-2-1-3-5-7-9(12)13/h1-7H2,(H,10,11)(H,12,13)	O=C(O)CCCCCCCC(=O)O	azelaic acid CollisionEnergy:102040	CCMSLIB00010126478	GNPS
105	0.965434732291987	5	65	45849		-1	negative	qTof	ESI-qTof	DB#=CCMSLIB00005744459; origin=GNPS	BDJRBEYXGGNYIS-UHFFFAOYSA-N	1S/C9H16O4/c10-8(11)6-4-2-1-3-5-7-9(12)13/h1-7H2,(H,10,11)(H,12,13)	O=C(O)CCCCCCCC(=O)O	Azelaic acid (Not validated)	CCMSLIB00005744459	GNPS
106	0.9788171331091674	5	65	68689		-1	negative	ESI-QFT	N/A-ESI-QFT	DB#=CCMSLIB00004691667; origin=GNPS	BDJRBEYXGGNYIS-UHFFFAOYSA-N	InChI=1S/C9H16O4/c10-8(11)6-4-2-1-3-5-7-9(12)13/h1-7H2,(H,10,11)(H,12,13)	N/A	Azelaic acid	CCMSLIB00004691667	GNPS
107	0.920860045998898	5	65	68690		-1	negative	ESI-QFT	N/A-ESI-QFT	DB#=CCMSLIB00004691668; origin=GNPS	BDJRBEYXGGNYIS-UHFFFAOYSA-N	InChI=1S/C9H16O4/c10-8(11)6-4-2-1-3-5-7-9(12)13/h1-7H2,(H,10,11)(H,12,13)	N/A	Azelaic acid	CCMSLIB00004691668	GNPS
108	0.6640513360603287	5	65	68691		-1	negative	ESI-QFT	N/A-ESI-QFT	DB#=CCMSLIB00004691669; origin=GNPS	BDJRBEYXGGNYIS-UHFFFAOYSA-N	InChI=1S/C9H16O4/c10-8(11)6-4-2-1-3-5-7-9(12)13/h1-7H2,(H,10,11)(H,12,13)	N/A	Azelaic acid	CCMSLIB00004691669	GNPS
109	0.9853397682464055	5	65	71179		-1	negative	ESI-QFT	N/A-ESI-QFT	DB#=CCMSLIB00004702806; origin=GNPS	BDJRBEYXGGNYIS-UHFFFAOYSA-N	InChI=1S/C9H16O4/c10-8(11)6-4-2-1-3-5-7-9(12)13/h1-7H2,(H,10,11)(H,12,13)	N/A	AZELAIC ACID	CCMSLIB00004702806	GNPS
110	0.9257551548907157	5	65	71180		-1	negative	ESI-QFT	N/A-ESI-QFT	DB#=CCMSLIB00004702807; origin=GNPS	BDJRBEYXGGNYIS-UHFFFAOYSA-N	InChI=1S/C9H16O4/c10-8(11)6-4-2-1-3-5-7-9(12)13/h1-7H2,(H,10,11)(H,12,13)	N/A	AZELAIC ACID	CCMSLIB00004702807	GNPS
111	0.7200656951864091	5	65	71181		-1	negative	ESI-QFT	N/A-ESI-QFT	DB#=CCMSLIB00004702808; origin=GNPS	BDJRBEYXGGNYIS-UHFFFAOYSA-N	InChI=1S/C9H16O4/c10-8(11)6-4-2-1-3-5-7-9(12)13/h1-7H2,(H,10,11)(H,12,13)	N/A	AZELAIC ACID	CCMSLIB00004702808	GNPS
112	0.9876500907070335	5	65	75766		-1	negative	ESI-QTOF	N/A-ESI-QTOF	DB#=CCMSLIB00004719716; origin=GNPS	BDJRBEYXGGNYIS-UHFFFAOYSA-N	InChI=1S/C9H16O4/c10-8(11)6-4-2-1-3-5-7-9(12)13/h1-7H2,(H,10,11)(H,12,13)	N/A	hydron;nonanedioate	CCMSLIB00004719716	GNPS
113	0.8441099887700451	6	65	75767		-1	negative	ESI-QTOF	N/A-ESI-QTOF	DB#=CCMSLIB00004719717; origin=GNPS	BDJRBEYXGGNYIS-UHFFFAOYSA-N	InChI=1S/C9H16O4/c10-8(11)6-4-2-1-3-5-7-9(12)13/h1-7H2,(H,10,11)(H,12,13)	N/A	hydron;nonanedioate	CCMSLIB00004719717	GNPS
114	0.8846723005885192	5	65	81083		-1	negative	Orbitrap	ESI-Orbitrap	DB#=CCMSLIB00006113455; origin=GNPS	BDJRBEYXGGNYIS-UHFFFAOYSA-N	N/A	C(CCCC(=O)O)CCCC(=O)O	Azelaic acid - 30.0 eV	CCMSLIB00006113455	GNPS
115	0.8836164698002229	5	65	81084		-1	negative	Orbitrap	ESI-Orbitrap	DB#=CCMSLIB00006113457; origin=GNPS	BDJRBEYXGGNYIS-UHFFFAOYSA-N	N/A	C(CCCC(=O)O)CCCC(=O)O	Azelaic acid - 30.0 eV	CCMSLIB00006113457	GNPS
116	0.8844483441226205	5	65	81085		-1	negative	Orbitrap	ESI-Orbitrap	DB#=CCMSLIB00006113459; origin=GNPS	BDJRBEYXGGNYIS-UHFFFAOYSA-N	N/A	C(CCCC(=O)O)CCCC(=O)O	Azelaic acid - 30.0 eV	CCMSLIB00006113459	GNPS
117	0.9772972633222812	5	65	81088		-1	negative	Orbitrap	ESI-Orbitrap	DB#=CCMSLIB00006113464; origin=GNPS	BDJRBEYXGGNYIS-UHFFFAOYSA-N	N/A	C(CCCC(=O)O)CCCC(=O)O	Azelaic acid - 40.0 eV	CCMSLIB00006113464	GNPS
118	0.98525284663435	5	65	81089		-1	negative	Orbitrap	ESI-Orbitrap	DB#=CCMSLIB00006113466; origin=GNPS	BDJRBEYXGGNYIS-UHFFFAOYSA-N	N/A	C(CCCC(=O)O)CCCC(=O)O	Azelaic acid - 40.0 eV	CCMSLIB00006113466	GNPS
119	0.9857752447424044	5	65	81090		-1	negative	Orbitrap	ESI-Orbitrap	DB#=CCMSLIB00006113468; origin=GNPS	BDJRBEYXGGNYIS-UHFFFAOYSA-N	N/A	C(CCCC(=O)O)CCCC(=O)O	Azelaic acid - 40.0 eV	CCMSLIB00006113468	GNPS
120	0.9760458577940662	5	65	81091		-1	negative	Orbitrap	ESI-Orbitrap	DB#=CCMSLIB00006113470; origin=GNPS	BDJRBEYXGGNYIS-UHFFFAOYSA-N	N/A	C(CCCC(=O)O)CCCC(=O)O	Azelaic acid - 40.0 eV	CCMSLIB00006113470	GNPS
121	0.976208629796069	5	65	81092		-1	negative	Orbitrap	ESI-Orbitrap	DB#=CCMSLIB00006113472; origin=GNPS	BDJRBEYXGGNYIS-UHFFFAOYSA-N	N/A	C(CCCC(=O)O)CCCC(=O)O	Azelaic acid - 40.0 eV	CCMSLIB00006113472	GNPS
122	0.997031435203612	5	65	81093		-1	negative	Orbitrap	ESI-Orbitrap	DB#=CCMSLIB00006113474; origin=GNPS	BDJRBEYXGGNYIS-UHFFFAOYSA-N	N/A	C(CCCC(=O)O)CCCC(=O)O	Azelaic acid - 40.0 eV	CCMSLIB00006113474	GNPS
123	0.99730783963116	5	65	81094		-1	negative	Orbitrap	ESI-Orbitrap	DB#=CCMSLIB00006113475; origin=GNPS	BDJRBEYXGGNYIS-UHFFFAOYSA-N	N/A	C(CCCC(=O)O)CCCC(=O)O	Azelaic acid - 40.0 eV	CCMSLIB00006113475	GNPS
124	0.9972894480677029	6	65	81095		-1	negative	Orbitrap	ESI-Orbitrap	DB#=CCMSLIB00006113477; origin=GNPS	BDJRBEYXGGNYIS-UHFFFAOYSA-N	N/A	C(CCCC(=O)O)CCCC(=O)O	Azelaic acid - 40.0 eV	CCMSLIB00006113477	GNPS
125	0.9973844181786043	5	65	81096		-1	negative	Orbitrap	ESI-Orbitrap	DB#=CCMSLIB00006113479; origin=GNPS	BDJRBEYXGGNYIS-UHFFFAOYSA-N	N/A	C(CCCC(=O)O)CCCC(=O)O	Azelaic acid - 40.0 eV	CCMSLIB00006113479	GNPS
126	0.9960647832877247	5	65	81097		-1	negative	Orbitrap	ESI-Orbitrap	DB#=CCMSLIB00006113481; origin=GNPS	BDJRBEYXGGNYIS-UHFFFAOYSA-N	N/A	C(CCCC(=O)O)CCCC(=O)O	Azelaic acid - 40.0 eV	CCMSLIB00006113481	GNPS
127	0.8857425014439554	5	65	81098		-1	negative	Orbitrap	ESI-Orbitrap	DB#=CCMSLIB00006113483; origin=GNPS	BDJRBEYXGGNYIS-UHFFFAOYSA-N	N/A	C(CCCC(=O)O)CCCC(=O)O	Azelaic acid - 30.0 eV	CCMSLIB00006113483	GNPS
128	0.8856429472390536	5	65	81099		-1	negative	Orbitrap	ESI-Orbitrap	DB#=CCMSLIB00006113485; origin=GNPS	BDJRBEYXGGNYIS-UHFFFAOYSA-N	N/A	C(CCCC(=O)O)CCCC(=O)O	Azelaic acid - 30.0 eV	CCMSLIB00006113485	GNPS
129	0.8853778912952086	5	65	81100		-1	negative	Orbitrap	ESI-Orbitrap	DB#=CCMSLIB00006113486; origin=GNPS	BDJRBEYXGGNYIS-UHFFFAOYSA-N	N/A	C(CCCC(=O)O)CCCC(=O)O	Azelaic acid - 30.0 eV	CCMSLIB00006113486	GNPS
130	0.8859323317640144	5	65	81101		-1	negative	Orbitrap	ESI-Orbitrap	DB#=CCMSLIB00006113487; origin=GNPS	BDJRBEYXGGNYIS-UHFFFAOYSA-N	N/A	C(CCCC(=O)O)CCCC(=O)O	Azelaic acid - 30.0 eV	CCMSLIB00006113487	GNPS
131	0.9648012650502825	5	110	71875		-1	negative	ESI-QFT	N/A-ESI-QFT	DB#=CCMSLIB00004704744; origin=GNPS	MEHUJCGAYMDLEL-LSDHHAIUSA-N	InChI=1S/C16H32O5/c17-13-9-5-4-7-11-15(19)14(18)10-6-2-1-3-8-12-16(20)21/h14-15,17-19H,1-13H2,(H,20,21)/t14-,15+/m0/s1	N/A	Aleuretic Acid	CCMSLIB00004704744	GNPS
132	0.8958866035346157	6	110	71876		-1	negative	ESI-QFT	N/A-ESI-QFT	DB#=CCMSLIB00004704745; origin=GNPS	MEHUJCGAYMDLEL-LSDHHAIUSA-N	InChI=1S/C16H32O5/c17-13-9-5-4-7-11-15(19)14(18)10-6-2-1-3-8-12-16(20)21/h14-15,17-19H,1-13H2,(H,20,21)/t14-,15+/m0/s1	N/A	Aleuretic Acid	CCMSLIB00004704745	GNPS
133	0.9581286673938002	7	128	28543		-1	negative	Orbitrap	LC-ESI-Orbitrap	DB#=CCMSLIB00010110571; origin=GNPS	NLDDIKRKFXEWBK-UHFFFAOYSA-N	InChI=1S/C17H26O4/c1-3-4-5-6-14(18)12-15(19)9-7-13-8-10-16(20)17(11-13)21-2/h8,10-11,14,18,20H,3-7,9,12H2,1-2H3/t14-/m0/s1	CCCCCC(O)CC(=O)CCc1ccc(O)c(OC)c1	6-Gingerol CollisionEnergy:102040	CCMSLIB00010110571	GNPS
134	0.963803244987983	6	128	32890		-1	negative	Orbitrap	LC-ESI-Orbitrap	DB#=CCMSLIB00010121910; origin=GNPS	NLDDIKRKFXEWBK-UHFFFAOYSA-N	InChI=1S/C17H26O4/c1-3-4-5-6-14(18)12-15(19)9-7-13-8-10-16(20)17(11-13)21-2/h8,10-11,14,18,20H,3-7,9,12H2,1-2H3/t14-/m0/s1	CCCCCC(O)CC(=O)CCc1ccc(O)c(OC)c1	6-Gingerol CollisionEnergy:205060	CCMSLIB00010121910	GNPS
135	0.9728288498282354	7	80	648		-1	negative	Orbitrap	ESI-Orbitrap	DB#=CCMSLIB00005436182; origin=GNPS	CXMXRPHRNRROMY-UHFFFAOYSA-N	InChI=1S/C10H18O4/c11-9(12)7-5-3-1-2-4-6-8-10(13)14/h1-8H2,(H,11,12)(H,13,14)	C(CCCCC(=O)O)CCCC(=O)O	SEBACATE	CCMSLIB00005436182	GNPS
136	0.9728288498282354	7	80	5378		-1	negative	Orbitrap	ESI-Orbitrap	DB#=CCMSLIB00005463636; origin=GNPS	CXMXRPHRNRROMY-UHFFFAOYSA-N	InChI=1S/C10H18O4/c11-9(12)7-5-3-1-2-4-6-8-10(13)14/h1-8H2,(H,11,12)(H,13,14)	C(CCCCC(=O)O)CCCC(=O)O	SEBACATE	CCMSLIB00005463636	GNPS
137	0.6639952127447795	6	80	24017		-1	negative	Orbitrap	ESI-Orbitrap	DB#=CCMSLIB00006676854; origin=GNPS	CXMXRPHRNRROMY-UHFFFAOYSA-N	InChI=1S/C10H18O4/c11-9(12)7-5-3-1-2-4-6-8-10(13)14/h1-8H2,(H,11,12)(H,13,14)	C(CCCCC(=O)O)CCCC(=O)O	sebacic_acid	CCMSLIB00006676854	GNPS
138	0.6636735825987756	6	80	24020		-1	negative	Orbitrap	ESI-Orbitrap	DB#=CCMSLIB00006676857; origin=GNPS	CXMXRPHRNRROMY-UHFFFAOYSA-N	InChI=1S/C10H18O4/c11-9(12)7-5-3-1-2-4-6-8-10(13)14/h1-8H2,(H,11,12)(H,13,14)	C(CCCCC(=O)O)CCCC(=O)O	sebacic_acid	CCMSLIB00006676857	GNPS
139	0.6640075813673074	6	80	24023		-1	negative	Orbitrap	ESI-Orbitrap	DB#=CCMSLIB00006676860; origin=GNPS	CXMXRPHRNRROMY-UHFFFAOYSA-N	InChI=1S/C10H18O4/c11-9(12)7-5-3-1-2-4-6-8-10(13)14/h1-8H2,(H,11,12)(H,13,14)	C(CCCCC(=O)O)CCCC(=O)O	sebacic_acid	CCMSLIB00006676860	GNPS
140	0.6640282798372028	5	80	24026		-1	negative	Orbitrap	ESI-Orbitrap	DB#=CCMSLIB00006676863; origin=GNPS	CXMXRPHRNRROMY-UHFFFAOYSA-N	InChI=1S/C10H18O4/c11-9(12)7-5-3-1-2-4-6-8-10(13)14/h1-8H2,(H,11,12)(H,13,14)	C(CCCCC(=O)O)CCCC(=O)O	sebacic_acid	CCMSLIB00006676863	GNPS
141	0.6645146899687217	6	80	24029		-1	negative	Orbitrap	ESI-Orbitrap	DB#=CCMSLIB00006676866; origin=GNPS	CXMXRPHRNRROMY-UHFFFAOYSA-N	InChI=1S/C10H18O4/c11-9(12)7-5-3-1-2-4-6-8-10(13)14/h1-8H2,(H,11,12)(H,13,14)	C(CCCCC(=O)O)CCCC(=O)O	sebacic_acid	CCMSLIB00006676866	GNPS
142	0.6653033475132049	5	80	24032		-1	negative	Orbitrap	ESI-Orbitrap	DB#=CCMSLIB00006676869; origin=GNPS	CXMXRPHRNRROMY-UHFFFAOYSA-N	InChI=1S/C10H18O4/c11-9(12)7-5-3-1-2-4-6-8-10(13)14/h1-8H2,(H,11,12)(H,13,14)	C(CCCCC(=O)O)CCCC(=O)O	sebacic_acid	CCMSLIB00006676869	GNPS
143	0.713971853661238	6	80	25123		-1	negative	Orbitrap	ESI-Orbitrap	DB#=CCMSLIB00006677960; origin=GNPS	CXMXRPHRNRROMY-UHFFFAOYSA-N	InChI=1S/C10H18O4/c11-9(12)7-5-3-1-2-4-6-8-10(13)14/h1-8H2,(H,11,12)(H,13,14)	C(CCCCC(=O)O)CCCC(=O)O	sebacic_acid	CCMSLIB00006677960	GNPS
144	0.9295070278573461	7	80	52644		-1	negative	Hybrid FT	ESI-Hybrid FT	DB#=CCMSLIB00005760026; origin=GNPS	CXMXRPHRNRROMY-UHFFFAOYSA-N	1S/C10H18O4/c11-9(12)7-5-3-1-2-4-6-8-10(13)14/h1-8H2,(H,11,12)(H,13,14)	OC(=O)CCCCCCCCC(O)=O	Sebacic acid	CCMSLIB00005760026	GNPS
145	0.6585812222957136	7	80	54374		-1	negative	Hybrid FT	ESI-Hybrid FT	DB#=CCMSLIB00005763975; origin=GNPS	CXMXRPHRNRROMY-UHFFFAOYSA-N	1S/C10H18O4/c11-9(12)7-5-3-1-2-4-6-8-10(13)14/h1-8H2,(H,11,12)(H,13,14)	OC(=O)CCCCCCCCC(O)=O	Sebacic acid	CCMSLIB00005763975	GNPS
146	0.7377078821792902	7	80	54761		-1	negative	Hybrid FT	ESI-Hybrid FT	DB#=CCMSLIB00005764867; origin=GNPS	CXMXRPHRNRROMY-UHFFFAOYSA-N	1S/C10H18O4/c11-9(12)7-5-3-1-2-4-6-8-10(13)14/h1-8H2,(H,11,12)(H,13,14)	OC(=O)CCCCCCCCC(O)=O	Sebacic acid	CCMSLIB00005764867	GNPS
147	0.979878280343677	7	80	55096		-1	negative	Hybrid FT	ESI-Hybrid FT	DB#=CCMSLIB00005765622; origin=GNPS	CXMXRPHRNRROMY-UHFFFAOYSA-N	1S/C10H18O4/c11-9(12)7-5-3-1-2-4-6-8-10(13)14/h1-8H2,(H,11,12)(H,13,14)	OC(=O)CCCCCCCCC(O)=O	Sebacic acid	CCMSLIB00005765622	GNPS
148	0.949177894340376	7	80	76731		-1	negative	Orbitrap	ESI-Orbitrap	DB#=CCMSLIB00006679201; origin=GNPS	CXMXRPHRNRROMY-UHFFFAOYSA-N	InChI=1S/C10H18O4/c11-9(12)7-5-3-1-2-4-6-8-10(13)14/h1-8H2,(H,11,12)(H,13,14)	C(CCCCC(=O)O)CCCC(=O)O	SEBACIC ACID	CCMSLIB00006679201	GNPS
149	0.9552203928831287	7	80	76764		-1	negative	Orbitrap	ESI-Orbitrap	DB#=CCMSLIB00006679286; origin=GNPS	CXMXRPHRNRROMY-UHFFFAOYSA-N	InChI=1S/C10H18O4/c11-9(12)7-5-3-1-2-4-6-8-10(13)14/h1-8H2,(H,11,12)(H,13,14)	C(CCCCC(=O)O)CCCC(=O)O	SEBACIC ACID	CCMSLIB00006679286	GNPS
150	0.9552203928831287	7	80	76830		-1	negative	Orbitrap	ESI-Orbitrap	DB#=CCMSLIB00006679449; origin=GNPS	CXMXRPHRNRROMY-UHFFFAOYSA-N	InChI=1S/C10H18O4/c11-9(12)7-5-3-1-2-4-6-8-10(13)14/h1-8H2,(H,11,12)(H,13,14)	C(CCCCC(=O)O)CCCC(=O)O	SEBACIC ACID	CCMSLIB00006679449	GNPS
151	0.949177894340376	7	80	76844		-1	negative	Orbitrap	ESI-Orbitrap	DB#=CCMSLIB00006679481; origin=GNPS	CXMXRPHRNRROMY-UHFFFAOYSA-N	InChI=1S/C10H18O4/c11-9(12)7-5-3-1-2-4-6-8-10(13)14/h1-8H2,(H,11,12)(H,13,14)	C(CCCCC(=O)O)CCCC(=O)O	SEBACIC ACID	CCMSLIB00006679481	GNPS
152	0.8949449449378695	5	80	77526		-1	negative	qTof	ESI-qTof	DB#=CCMSLIB00006681130; origin=GNPS	CXMXRPHRNRROMY-UHFFFAOYSA-N	InChI=1S/C10H18O4/c11-9(12)7-5-3-1-2-4-6-8-10(13)14/h1-8H2,(H,11,12)(H,13,14)	C(CCCCC(=O)O)CCCC(=O)O	SEBACIC ACID	CCMSLIB00006681130	GNPS
153	0.7050381214389472	7	80	77640		-1	negative	qTof	ESI-qTof	DB#=CCMSLIB00006681431; origin=GNPS	CXMXRPHRNRROMY-UHFFFAOYSA-N	InChI=1S/C10H18O4/c11-9(12)7-5-3-1-2-4-6-8-10(13)14/h1-8H2,(H,11,12)(H,13,14)	C(CCCCC(=O)O)CCCC(=O)O	SEBACIC ACID	CCMSLIB00006681431	GNPS
154	0.8949449449378695	5	80	77684		-1	negative	qTof	ESI-qTof	DB#=CCMSLIB00006681523; origin=GNPS	CXMXRPHRNRROMY-UHFFFAOYSA-N	InChI=1S/C10H18O4/c11-9(12)7-5-3-1-2-4-6-8-10(13)14/h1-8H2,(H,11,12)(H,13,14)	C(CCCCC(=O)O)CCCC(=O)O	SEBACIC ACID	CCMSLIB00006681523	GNPS
155	0.7050381214389472	7	80	77822		-1	negative	qTof	ESI-qTof	DB#=CCMSLIB00006681876; origin=GNPS	CXMXRPHRNRROMY-UHFFFAOYSA-N	InChI=1S/C10H18O4/c11-9(12)7-5-3-1-2-4-6-8-10(13)14/h1-8H2,(H,11,12)(H,13,14)	C(CCCCC(=O)O)CCCC(=O)O	SEBACIC ACID	CCMSLIB00006681876	GNPS
156	0.996909848065829	7	80	83274		-1	negative	Orbitrap	ESI-Orbitrap	DB#=CCMSLIB00006118882; origin=GNPS	CXMXRPHRNRROMY-UHFFFAOYSA-N	N/A	C(CCCCC(=O)O)CCCC(=O)O	Sebacic acid - 40.0 eV	CCMSLIB00006118882	GNPS
157	0.9958026450769653	7	80	83275		-1	negative	Orbitrap	ESI-Orbitrap	DB#=CCMSLIB00006118884; origin=GNPS	CXMXRPHRNRROMY-UHFFFAOYSA-N	N/A	C(CCCCC(=O)O)CCCC(=O)O	Sebacic acid - 40.0 eV	CCMSLIB00006118884	GNPS
158	0.9953581953308087	7	80	83276		-1	negative	Orbitrap	ESI-Orbitrap	DB#=CCMSLIB00006118886; origin=GNPS	CXMXRPHRNRROMY-UHFFFAOYSA-N	N/A	C(CCCCC(=O)O)CCCC(=O)O	Sebacic acid - 40.0 eV	CCMSLIB00006118886	GNPS
159	0.9959578340789461	7	80	83277		-1	negative	Orbitrap	ESI-Orbitrap	DB#=CCMSLIB00006118888; origin=GNPS	CXMXRPHRNRROMY-UHFFFAOYSA-N	N/A	C(CCCCC(=O)O)CCCC(=O)O	Sebacic acid - 40.0 eV	CCMSLIB00006118888	GNPS
160	0.9967672097238955	7	80	83278		-1	negative	Orbitrap	ESI-Orbitrap	DB#=CCMSLIB00006118891; origin=GNPS	CXMXRPHRNRROMY-UHFFFAOYSA-N	N/A	C(CCCCC(=O)O)CCCC(=O)O	Sebacic acid - 40.0 eV	CCMSLIB00006118891	GNPS
161	0.7046820490994796	5	80	83279		-1	negative	Orbitrap	ESI-Orbitrap	DB#=CCMSLIB00006118894; origin=GNPS	CXMXRPHRNRROMY-UHFFFAOYSA-N	N/A	C(CCCCC(=O)O)CCCC(=O)O	Sebacic acid - 30.0 eV	CCMSLIB00006118894	GNPS
162	0.696507716638753	5	80	83280		-1	negative	Orbitrap	ESI-Orbitrap	DB#=CCMSLIB00006118896; origin=GNPS	CXMXRPHRNRROMY-UHFFFAOYSA-N	N/A	C(CCCCC(=O)O)CCCC(=O)O	Sebacic acid - 30.0 eV	CCMSLIB00006118896	GNPS
163	0.6915506893663955	5	80	83281		-1	negative	Orbitrap	ESI-Orbitrap	DB#=CCMSLIB00006118898; origin=GNPS	CXMXRPHRNRROMY-UHFFFAOYSA-N	N/A	C(CCCCC(=O)O)CCCC(=O)O	Sebacic acid - 30.0 eV	CCMSLIB00006118898	GNPS
164	0.9689236960249802	7	80	83284		-1	negative	Orbitrap	ESI-Orbitrap	DB#=CCMSLIB00006118930; origin=GNPS	CXMXRPHRNRROMY-UHFFFAOYSA-N	N/A	C(CCCCC(=O)O)CCCC(=O)O	Sebacic acid - 40.0 eV	CCMSLIB00006118930	GNPS
165	0.9735603847289959	7	80	83285		-1	negative	Orbitrap	ESI-Orbitrap	DB#=CCMSLIB00006118932; origin=GNPS	CXMXRPHRNRROMY-UHFFFAOYSA-N	N/A	C(CCCCC(=O)O)CCCC(=O)O	Sebacic acid - 40.0 eV	CCMSLIB00006118932	GNPS
166	0.9703134628148301	7	80	83286		-1	negative	Orbitrap	ESI-Orbitrap	DB#=CCMSLIB00006118935; origin=GNPS	CXMXRPHRNRROMY-UHFFFAOYSA-N	N/A	C(CCCCC(=O)O)CCCC(=O)O	Sebacic acid - 40.0 eV	CCMSLIB00006118935	GNPS
167	0.9711657865648553	7	80	83287		-1	negative	Orbitrap	ESI-Orbitrap	DB#=CCMSLIB00006118938; origin=GNPS	CXMXRPHRNRROMY-UHFFFAOYSA-N	N/A	C(CCCCC(=O)O)CCCC(=O)O	Sebacic acid - 40.0 eV	CCMSLIB00006118938	GNPS
168	0.9687504224102093	7	80	83288		-1	negative	Orbitrap	ESI-Orbitrap	DB#=CCMSLIB00006118941; origin=GNPS	CXMXRPHRNRROMY-UHFFFAOYSA-N	N/A	C(CCCCC(=O)O)CCCC(=O)O	Sebacic acid - 40.0 eV	CCMSLIB00006118941	GNPS
169	0.6962360570123486	5	80	83289		-1	negative	Orbitrap	ESI-Orbitrap	DB#=CCMSLIB00006118943; origin=GNPS	CXMXRPHRNRROMY-UHFFFAOYSA-N	N/A	C(CCCCC(=O)O)CCCC(=O)O	Sebacic acid - 30.0 eV	CCMSLIB00006118943	GNPS
170	0.695382987906283	5	80	83290		-1	negative	Orbitrap	ESI-Orbitrap	DB#=CCMSLIB00006118945; origin=GNPS	CXMXRPHRNRROMY-UHFFFAOYSA-N	N/A	C(CCCCC(=O)O)CCCC(=O)O	Sebacic acid - 30.0 eV	CCMSLIB00006118945	GNPS
171	0.6948743257626	5	80	83291		-1	negative	Orbitrap	ESI-Orbitrap	DB#=CCMSLIB00006118947; origin=GNPS	CXMXRPHRNRROMY-UHFFFAOYSA-N	N/A	C(CCCCC(=O)O)CCCC(=O)O	Sebacic acid - 30.0 eV	CCMSLIB00006118947	GNPS
172	0.732639385941552	6	190	68887		-1	negative	ESI-QFT	N/A-ESI-QFT	DB#=CCMSLIB00004692306; origin=GNPS	NPDSHTNEKLQQIJ-SIGMCMEVSA-N	InChI=1S/C18H32O3/c1-2-3-4-5-6-8-11-14-17(19)15-12-9-7-10-13-16-18(20)21/h6,8,11,14,17,19H,2-5,7,9-10,12-13,15-16H2,1H3,(H,20,21)/b8-6+,14-11+	N/A	9-hydroxy-10,12-octadecadienoic acid	CCMSLIB00004692306	GNPS
173	0.9230386691066039	6	40	53175		-1	negative	Hybrid FT	ESI-Hybrid FT	DB#=CCMSLIB00005761225; origin=GNPS	GPSDUZXPYCFOSQ-UHFFFAOYSA-N	1S/C8H8O2/c1-6-3-2-4-7(5-6)8(9)10/h2-5H,1H3,(H,9,10)	CC1=CC=CC(=C1)C(O)=O	M-Toluic acid	CCMSLIB00005761225	GNPS
174	0.9823480485374819	6	40	53214		-1	negative	Hybrid FT	ESI-Hybrid FT	DB#=CCMSLIB00005761302; origin=GNPS	TXFPEBPIARQUIG-UHFFFAOYSA-N	1S/C8H8O2/c1-6(9)7-2-4-8(10)5-3-7/h2-5,10H,1H3	CC(=O)C1=CC=C(O)C=C1	1-(4-hydroxyphenyl)ethanone	CCMSLIB00005761302	GNPS
175	0.6608746676760471	6	40	53385		-1	negative	Hybrid FT	ESI-Hybrid FT	DB#=CCMSLIB00005761675; origin=GNPS	TXFPEBPIARQUIG-UHFFFAOYSA-N	1S/C8H8O2/c1-6(9)7-2-4-8(10)5-3-7/h2-5,10H,1H3	CC(=O)C1=CC=C(O)C=C1	1-(4-hydroxyphenyl)ethanone	CCMSLIB00005761675	GNPS
176	0.9890991654631741	5	40	53632		-1	negative	Hybrid FT	ESI-Hybrid FT	DB#=CCMSLIB00005762248; origin=GNPS	GPSDUZXPYCFOSQ-UHFFFAOYSA-N	1S/C8H8O2/c1-6-3-2-4-7(5-6)8(9)10/h2-5H,1H3,(H,9,10)	CC1=CC=CC(=C1)C(O)=O	M-Toluic acid	CCMSLIB00005762248	GNPS
177	0.9835540690361729	6	40	53727		-1	negative	Hybrid FT	ESI-Hybrid FT	DB#=CCMSLIB00005762462; origin=GNPS	TXFPEBPIARQUIG-UHFFFAOYSA-N	1S/C8H8O2/c1-6(9)7-2-4-8(10)5-3-7/h2-5,10H,1H3	CC(=O)C1=CC=C(O)C=C1	1-(4-hydroxyphenyl)ethanone	CCMSLIB00005762462	GNPS
178	0.9234753318095753	6	40	53858		-1	negative	Hybrid FT	ESI-Hybrid FT	DB#=CCMSLIB00005762742; origin=GNPS	TXFPEBPIARQUIG-UHFFFAOYSA-N	1S/C8H8O2/c1-6(9)7-2-4-8(10)5-3-7/h2-5,10H,1H3	CC(=O)C1=CC=C(O)C=C1	1-(4-hydroxyphenyl)ethanone	CCMSLIB00005762742	GNPS
179	0.9887907806677527	6	40	54283		-1	negative	Hybrid FT	ESI-Hybrid FT	DB#=CCMSLIB00005763748; origin=GNPS	GPSDUZXPYCFOSQ-UHFFFAOYSA-N	1S/C8H8O2/c1-6-3-2-4-7(5-6)8(9)10/h2-5H,1H3,(H,9,10)	CC1=CC=CC(=C1)C(O)=O	M-Toluic acid	CCMSLIB00005763748	GNPS
180	0.8066542328426606	12	116	48053		-1	negative	qTof	ESI-qTof	DB#=CCMSLIB00005748740; origin=GNPS	MKYUCBXUUSZMQB-UHFFFAOYSA-N	1S/C18H32O5/c1-2-3-7-11-16(20)17(21)14-13-15(19)10-8-5-4-6-9-12-18(22)23/h3,7,13-17,19-21H,2,4-6,8-12H2,1H3,(H,22,23)	O=C(O)CCCCCCCC(O)C=CC(O)C(O)CC=CCC	FA 18:2+3O	CCMSLIB00005748740	GNPS
181	0.9340593328093476	6	183	69181		-1	negative	ESI-QFT	N/A-ESI-QFT	DB#=CCMSLIB00004693401; origin=GNPS	GVRNTWSGBWPJGS-YVKFZJNCSA-N	InChI=1S/C20H30O4/c1-13-4-7-16-19(2,10-8-17(22)20(16,3)12-21)15(13)6-5-14-9-11-24-18(14)23/h9,15-17,21-22H,1,4-8,10-12H2,2-3H3/t15-,16+,17?,19+,20+/m1/s1	N/A	4-[2-[(1R,4aS,5R,8aS)-6-hydroxy-5-(hydroxymethyl)-5,8a-dimethyl-2-methylidene-3,4,4a,6,7,8-hexahydro-1H-naphthalen-1-yl]ethyl]-2H-furan-5-one	CCMSLIB00004693401	GNPS
182	0.914533752424023	6	183	70357		-1	negative	ESI-QFT	N/A-ESI-QFT	DB#=CCMSLIB00004698774; origin=GNPS	UFEHYRPBLFGEJW-UHFFFAOYSA-N	InChI=1S/C20H30O4/c1-12(2)20(24)9-6-14-13(11-20)15(21)10-16-18(14,3)7-5-8-19(16,4)17(22)23/h11-12,14,16,24H,5-10H2,1-4H3,(H,22,23)	N/A	7-hydroxy-1,4a-dimethyl-9-oxo-7-propan-2-yl-2,3,4,4b,5,6,10,10a-octahydrophenanthrene-1-carboxylic acid	CCMSLIB00004698774	GNPS
183	0.9034202760515703	5	183	70358		-1	negative	ESI-QFT	N/A-ESI-QFT	DB#=CCMSLIB00004698775; origin=GNPS	UFEHYRPBLFGEJW-UHFFFAOYSA-N	InChI=1S/C20H30O4/c1-12(2)20(24)9-6-14-13(11-20)15(21)10-16-18(14,3)7-5-8-19(16,4)17(22)23/h11-12,14,16,24H,5-10H2,1-4H3,(H,22,23)	N/A	7-hydroxy-1,4a-dimethyl-9-oxo-7-propan-2-yl-2,3,4,4b,5,6,10,10a-octahydrophenanthrene-1-carboxylic acid	CCMSLIB00004698775	GNPS
184	0.8796988156365041	5	183	73246		-1	negative	ESI-QFT	N/A-ESI-QFT	DB#=CCMSLIB00004710045; origin=GNPS	JSXYBZIRJXMIMK-UHFFFAOYSA-N	InChI=1S/C20H30O4/c1-5-17(2)11-14(21)20(12-17)10-7-13-18(3,15(20)22)8-6-9-19(13,4)16(23)24/h5,13-14,21H,1,6-12H2,2-4H3,(H,23,24)	N/A	4'-ethenyl-2'-hydroxy-1,4',4a-trimethyl-5-oxospiro[2,3,4,7,8,8a-hexahydronaphthalene-6,1'-cyclopentane]-1-carboxylic acid	CCMSLIB00004710045	GNPS
185	0.6822035193339709	6	164	46722		-1	negative	qTof	ESI-qTof	DB#=CCMSLIB00005746134; origin=GNPS	BJIKXWWZEPAKQC-UHFFFAOYSA-N	1S/C18H30O4/c1-2-3-7-10-15(19)13-14-17-16(22-17)11-8-5-4-6-9-12-18(20)21/h13-14,16-17H,2-12H2,1H3,(H,20,21)	O=C(O)CCCCCCCC1OC1(C=CC(=O)CCCCC)	FA 18:3+2O	CCMSLIB00005746134	GNPS
186	0.8198366022784286	8	174	5187		-1	negative	qTof	ESI-qTof	DB#=CCMSLIB00003138554; origin=GNPS	CQSLTKIXAJTQGA-FLIBITNWSA-N	InChI=1S/C18H34O4/c1-2-3-10-13-16(19)17(20)14-11-8-6-4-5-7-9-12-15-18(21)22/h8,11,16-17,19-20H,2-7,9-10,12-15H2,1H3,(H,21,22)/b11-8-	CCCCCC(C(C/C=C\CCCCCCCC(=O)O)O)O	12,13-DiHOME	CCMSLIB00003138554	GNPS
187	0.9802021367706651	5	174	43129		-1	negative	qTof	ESI-qTof	DB#=CCMSLIB00005739256; origin=GNPS	XEBKSQSGNGRGDW-UHFFFAOYSA-N	1S/C18H34O4/c1-2-3-4-5-7-10-13-16(19)17(20)14-11-8-6-9-12-15-18(21)22/h7,10,16-17,19-20H,2-6,8-9,11-15H2,1H3,(H,21,22)	O=C(O)CCCCCCCC(O)C(O)CC=CCCCCC	FA 18:1+2O	CCMSLIB00005739256	GNPS
188	0.9933387323627108	5	174	47027		-1	negative	qTof	ESI-qTof	DB#=CCMSLIB00005746720; origin=GNPS	CQSLTKIXAJTQGA-UHFFFAOYSA-N	1S/C18H34O4/c1-2-3-10-13-16(19)17(20)14-11-8-6-4-5-7-9-12-15-18(21)22/h8,11,16-17,19-20H,2-7,9-10,12-15H2,1H3,(H,21,22)	O=C(O)CCCCCCCC=CCC(O)C(O)CCCCC	FA 18:1+2O	CCMSLIB00005746720	GNPS
189	0.8976004780059942	5	136	45152		-1	negative	qTof	ESI-qTof	DB#=CCMSLIB00005743116; origin=GNPS	QRHSEDZBZMZPOA-UHFFFAOYSA-N	1S/C18H32O4/c1-2-3-4-5-7-10-13-16(19)17(20)14-11-8-6-9-12-15-18(21)22/h3-4,7,10,16-17,19-20H,2,5-6,8-9,11-15H2,1H3,(H,21,22)	O=C(O)CCCCCCCC(O)C(O)CC=CCC=CCC	FA 18:2+2O	CCMSLIB00005743116	GNPS
190	0.8676944552522764	5	149	69544		-1	negative	ESI-QFT	N/A-ESI-QFT	DB#=CCMSLIB00004694751; origin=GNPS	KMPWYEUPVWOPIM-QAMTZSDWSA-N	InChI=1S/C19H22N2O/c1-2-13-12-21-10-8-14(13)11-18(21)19(22)16-7-9-20-17-6-4-3-5-15(16)17/h2-7,9,13-14,18-19,22H,1,8,10-12H2/t13-,14-,18+,19-/m0/s1	N/A	cinchonine	CCMSLIB00004694751	GNPS
191	0.8902856923289045	5	149	71029		-1	negative	ESI-QFT	N/A-ESI-QFT	DB#=CCMSLIB00004702125; origin=GNPS	KMPWYEUPVWOPIM-QAMTZSDWSA-N	InChI=1S/C19H22N2O/c1-2-13-12-21-10-8-14(13)11-18(21)19(22)16-7-9-20-17-6-4-3-5-15(16)17/h2-7,9,13-14,18-19,22H,1,8,10-12H2/t13-,14-,18+,19-/m0/s1	N/A	CINCHONINE	CCMSLIB00004702125	GNPS
192	0.8795925803087917	7	149	71185		-1	negative	ESI-QFT	N/A-ESI-QFT	DB#=CCMSLIB00004702827; origin=GNPS	KMPWYEUPVWOPIM-KODHJQJWSA-N	InChI=1S/C19H22N2O/c1-2-13-12-21-10-8-14(13)11-18(21)19(22)16-7-9-20-17-6-4-3-5-15(16)17/h2-7,9,13-14,18-19,22H,1,8,10-12H2/t13-,14-,18-,19+/m0/s1	N/A	CINCHONIDINE	CCMSLIB00004702827	GNPS
193	0.9232286993784511	8	176	38229		-1	negative	Hybrid FT	ESI-Hybrid FT	DB#=CCMSLIB00005730245; origin=GNPS	DOIRQSBPFJWKBE-UHFFFAOYSA-N	1S/C16H22O4/c1-3-5-11-19-15(17)13-9-7-8-10-14(13)16(18)20-12-6-4-2/h7-10H,3-6,11-12H2,1-2H3	CCCCOC(=O)C1=CC=CC=C1C(=O)OCCCC	dibutyl benzene-1,2-dicarboxylate	CCMSLIB00005730245	GNPS
194	0.8557668608181284	8	176	39420		-1	negative	Hybrid FT	ESI-Hybrid FT	DB#=CCMSLIB00005732602; origin=GNPS	DOIRQSBPFJWKBE-UHFFFAOYSA-N	1S/C16H22O4/c1-3-5-11-19-15(17)13-9-7-8-10-14(13)16(18)20-12-6-4-2/h7-10H,3-6,11-12H2,1-2H3	CCCCOC(=O)C1=CC=CC=C1C(=O)OCCCC	dibutyl benzene-1,2-dicarboxylate	CCMSLIB00005732602	GNPS
195	0.6802022028537938	5	176	40016		-1	negative	Hybrid FT	ESI-Hybrid FT	DB#=CCMSLIB00005733780; origin=GNPS	DOIRQSBPFJWKBE-UHFFFAOYSA-N	1S/C16H22O4/c1-3-5-11-19-15(17)13-9-7-8-10-14(13)16(18)20-12-6-4-2/h7-10H,3-6,11-12H2,1-2H3	CCCCOC(=O)C1=CC=CC=C1C(=O)OCCCC	dibutyl benzene-1,2-dicarboxylate	CCMSLIB00005733780	GNPS
196	0.7529536846524691	8	176	40462		-1	negative	Hybrid FT	ESI-Hybrid FT	DB#=CCMSLIB00005734694; origin=GNPS	DOIRQSBPFJWKBE-UHFFFAOYSA-N	1S/C16H22O4/c1-3-5-11-19-15(17)13-9-7-8-10-14(13)16(18)20-12-6-4-2/h7-10H,3-6,11-12H2,1-2H3	CCCCOC(=O)C1=CC=CC=C1C(=O)OCCCC	dibutyl benzene-1,2-dicarboxylate	CCMSLIB00005734694	GNPS
197	0.8429925689858143	5	176	53459		-1	negative	Hybrid FT	ESI-Hybrid FT	DB#=CCMSLIB00005761839; origin=GNPS	DJDSLBVSSOQSLW-UHFFFAOYSA-N	1S/C16H22O4/c1-3-5-8-12(4-2)11-20-16(19)14-10-7-6-9-13(14)15(17)18/h6-7,9-10,12H,3-5,8,11H2,1-2H3,(H,17,18)	CCCCC(CC)COC(=O)C1=CC=CC=C1C(O)=O	2-(2-ethylhexoxycarbonyl)benzoic acid	CCMSLIB00005761839	GNPS
198	0.8940178249286612	8	176	54029		-1	negative	Hybrid FT	ESI-Hybrid FT	DB#=CCMSLIB00005763117; origin=GNPS	DJDSLBVSSOQSLW-UHFFFAOYSA-N	1S/C16H22O4/c1-3-5-8-12(4-2)11-20-16(19)14-10-7-6-9-13(14)15(17)18/h6-7,9-10,12H,3-5,8,11H2,1-2H3,(H,17,18)	CCCCC(CC)COC(=O)C1=CC=CC=C1C(O)=O	2-(2-ethylhexoxycarbonyl)benzoic acid	CCMSLIB00005763117	GNPS
199	0.9825038620538746	8	176	54104		-1	negative	Hybrid FT	ESI-Hybrid FT	DB#=CCMSLIB00005763291; origin=GNPS	DJDSLBVSSOQSLW-UHFFFAOYSA-N	1S/C16H22O4/c1-3-5-8-12(4-2)11-20-16(19)14-10-7-6-9-13(14)15(17)18/h6-7,9-10,12H,3-5,8,11H2,1-2H3,(H,17,18)	CCCCC(CC)COC(=O)C1=CC=CC=C1C(O)=O	2-(2-ethylhexoxycarbonyl)benzoic acid	CCMSLIB00005763291	GNPS
200	0.9232287014806562	8	176	61153		-1	negative	qTof	LC-ESI-qTof	DB#=CCMSLIB00000568601; origin=GNPS	DOIRQSBPFJWKBE-UHFFFAOYSA-N	InChI=1S/C16H22O4/c1-3-5-11-19-15(17)13-9-7-8-10-14(13)16(18)20-12-6-4-2/h7-10H,3-6,11-12H2,1-2H3	CCCCOC(=O)C1=CC=CC=C1C(=O)OCCCC	DBP	CCMSLIB00000568601	GNPS
201	0.6802022064709977	5	176	61157		-1	negative	qTof	LC-ESI-qTof	DB#=CCMSLIB00000568611; origin=GNPS	DOIRQSBPFJWKBE-UHFFFAOYSA-N	InChI=1S/C16H22O4/c1-3-5-11-19-15(17)13-9-7-8-10-14(13)16(18)20-12-6-4-2/h7-10H,3-6,11-12H2,1-2H3	CCCCOC(=O)C1=CC=CC=C1C(=O)OCCCC	DBP	CCMSLIB00000568611	GNPS
202	0.855766859948927	8	176	61375		-1	negative	qTof	LC-ESI-qTof	DB#=CCMSLIB00000569252; origin=GNPS	DOIRQSBPFJWKBE-UHFFFAOYSA-N	InChI=1S/C16H22O4/c1-3-5-11-19-15(17)13-9-7-8-10-14(13)16(18)20-12-6-4-2/h7-10H,3-6,11-12H2,1-2H3	CCCCOC(=O)C1=CC=CC=C1C(=O)OCCCC	DBP	CCMSLIB00000569252	GNPS
203	0.9899476309426639	8	29	5515		-1	negative	Orbitrap	ESI-Orbitrap	DB#=CCMSLIB00005464283; origin=GNPS	WLJVNTCWHIRURA-UHFFFAOYSA-N	InChI=1S/C7H12O4/c8-6(9)4-2-1-3-5-7(10)11/h1-5H2,(H,8,9)(H,10,11)	C(CCC(=O)O)CCC(=O)O	6-CARBOXYHEXANOATE	CCMSLIB00005464283	GNPS
204	0.8867071981004524	6	29	5851		-1	negative	qTof	ESI-qTof	DB#=CCMSLIB00005720804; origin=GNPS	WLJVNTCWHIRURA-UHFFFAOYSA-N	InChI=1S/C7H12O4/c8-6(9)4-2-1-3-5-7(10)11/h1-5H2,(H,8,9)(H,10,11)	C(CCC(=O)O)CCC(=O)O	PIMELIC ACID	CCMSLIB00005720804	GNPS
205	0.9733141398653341	5	29	84392		-1	negative	Orbitrap	ESI-Orbitrap	DB#=CCMSLIB00006121656; origin=GNPS	WLJVNTCWHIRURA-UHFFFAOYSA-N	N/A	C(CCC(=O)O)CCC(=O)O	Pimelic acid - 40.0 eV	CCMSLIB00006121656	GNPS
206	0.691719796393348	5	143	30600		-1	negative	Orbitrap	LC-ESI-Orbitrap	DB#=CCMSLIB00010115887; origin=GNPS	LPEPZZAVFJPLNZ-UHFFFAOYSA-N	InChI=1S/C20H20O5/c1-11(2)3-8-14-15(22)9-16(23)19-17(24)10-18(25-20(14)19)12-4-6-13(21)7-5-12/h3-7,9,18,21-23H,8,10H2,1-2H3	CC(C)=CCc1c(O)cc(O)c2c1OC(c1ccc(O)cc1)CC2=O	8-isopentenylnaringenin CollisionEnergy:205060	CCMSLIB00010115887	GNPS
207	0.6788004007391695	5	143	30601		-1	negative	Orbitrap	LC-ESI-Orbitrap	DB#=CCMSLIB00010115888; origin=GNPS	LPEPZZAVFJPLNZ-UHFFFAOYSA-N	InChI=1S/C20H20O5/c1-11(2)3-8-14-15(22)9-16(23)19-17(24)10-18(25-20(14)19)12-4-6-13(21)7-5-12/h3-7,9,18,21-23H,8,10H2,1-2H3	CC(C)=CCc1c(O)cc(O)c2c1OC(c1ccc(O)cc1)CC2=O	8-isopentenylnaringenin CollisionEnergy:205060	CCMSLIB00010115888	GNPS
